commit_hash,repository,is_bug,message_preview
0722309a9c242aac28d2cb33798abbd18b233aa0,DemocracyClub/yournextrepresentative,True,Fix creation of duplicate PostExtraElection objects in tests  This fixes an error introduced in 2574
0ad41d0684c2ec4c2a6b604f7aafbaf9f0459dcc,ahobson/ruby-pcap,True,Destination and Source mac addresses are not in reverse order.  This commit fixes a bug introduced i
319ecd792dad03dccfd1dbfa64b3be593ff46b1b,HachasyDados/HD-TCore,True,DB/World: Add npc_spellclick_spells for some vehicles.  Will fix some of the DB errors introduced in
53517162da6973aa72b141623b9a6946b4479797,jwiegley/nix-darwin,True,"nix: fix daemon check, only set if store is not writable  Fixes issues for a single-user install int"
5829ecf032b392d2133bd351f53d3c644961396b,luk-/npm,True,Always update git urls  Do directly an update if a git url is specified in the package.json For outd
3ea75027fffd3d949203363977996d536564a359,KanoComputing/make-art,True,RPi: Fix build for Kano OS  Add extra build step introduced by 4f70381145863ca807a5de8736ade1c4b1b84
8b16295318cd85c55b04e962479de1c6532a6759,SimpleServer/SimpleServer,True,fixed /help bug introduced by cfbce4351327f0f1a52a
9300309d2cb7dee44d612012f98709d493d0d591,crowbar/barclamp-nova,True,Use correct option name for the database connection  This fixes a problem introduced with 5ce199c3
11b9685094b96aebb2bc027527fcbca70d0d195d,rserwin1/woof-CE,True,dir2pet: fix bug introduced by c1a16e15b47c2c0f2d09b24b1169c26d9f0c5254  the bug only happens when u
037b51b8634dba436855223cbc906ceeb69efa0b,kiva/backbone.siren,True,fix validation bug that was introduced in ec7be61 + add test
8c5f991e6876de001ff11829ceb9894d11c80014,nickvandewiele/RMG-Java,True,"When changing a species name, update the Chemkin thermo NASA polynomials.  This fixes a bug introduc"
bd03fba86bfbae5e800c6caf1e94ae8897b43cdd,StefanoFiumara/Simply-Love-SM5,True,actually show profile HighScore name in SSM  This fixes a bug introduced in 9cd7b583c1fd1b2a3f96fb0f
089e3750bfe5acaa6731163da382195ccf27c4e0,tewdreyer/bee,True,bee-remove: fixed a bug introduced in 8672ddfb587be92f283c
f73e0198f76d9ed438277e1072edec6962c21a09,habitat-sh/prost,True,Fix some prost-types bugs  This fixes up some issues introduced by 05293211f2cc2df6ef3:  * Use prost
f2153f9716876b87bfcc53ff13b86b878edaae86,jfrazelle/tor,True,Always allow OR connections to bridges on private addresses  Regardless of the setting of ExtendAllo
e5ec04602ccc08aa45d8a9e60d9bcb476d3f9655,trenkel/collectd,True,"src/utils_db_query.c: Correctly handle return value of strjoin().  It returns the number of bytes, n"
817ab5b7782a15b061ff88715184269f80a19898,dbolser/GBrowse,True,"Fixed a bug introduced by 5d935913cfb9783bf64e  Here is what the two versions of the code look like,"
2711fd33a4b18c5e35a6f7efe57b5d868def829e,vivier/qemu-m68k,True,qemu-iotests: disable default qemu devices for cross-platform compatibility  This patch fixes an io 
e842dbbdf74c1aec904a6325f1e5d84924b90e94,rails/rails,True,Fix undefined method `to_i' introduced since 3.2.8  This commit fixes a bug introduced in 96a13fc7 w
a34074aef4834556eb8efa2da6340d739a814925,mars0i/popco2,True,Fixed bug in semantic-iffs introduced at 489094e  At 489094e I'd replaced -0.1's with +neg-one+'s.  
03a3eb07c701714ad9b442448a6056a28a68cbcc,icsharpcode/RefactoringEssentials,True,fix bug introduced by f1b429faaf97f3bcf62f78f0ca179467f2ac0acc
b4a6f2aa482fbfed724b7a9246e335770ac49cbc,wwwjfy/emacs-fish,True,"refs #22, fix bug introduced in 293009b  \s- matches white space and tab character, but doesn't matc"
6385a3d73454acd09d38e3cd7e98eda6acd0a0c3,mirsal/vlc-mirsal,True,PS: fix an error introduced in f10b7234e27  Else the check on i doesn't make sense
34497913f2936fd43c86b007da7224bb8e77fd15,tmatsuya/linux-2.6,True,mmc: sdio: Allow sdio operations in other threads during sdio_add_func()  This fixes a bug introduce
eb5eb95a9ffb0f340c85c0710b451a5895988e21,open-keychain/open-keychain,True,fix ridiculous database migration bug introduced by d6e4936fa54dc3577296dbadaeb556178dcad2c3
28e5aef72245d81ea5e162f28b76558ffdf50cdb,Spiralis/hobo,True,fix for bug introduced in 32695661bcfc6 (Credit Tomoaki Hayasaka)
de39c798e098b75f2c09803ad24bc8f3a2780ca4,efiring/matplotlib,True,fix autoscaling bug in scatter resulting from 86774fc290  autoscale_view() needs to be called after 
549d052710e7c35ed27a91b9de41a49b56a2afe1,dmajda/pegjs,True,Make |GrammarError| require work also in the browser version  Fixes a bug from ac179cda7bae7bef539d2
34a63d5729645bf10cc88b091a215448c0bb285f,truongminh/loopback-next,True,build: fix tslint integration with VS Code  Configure vscode-tslint to load TSLint from our build pa
32de46c139e10dc2261ca63a3049e98e310d0781,chneukirchen/rack,True,"Rack should respect $RACK_ENV when starting up, fixes 3rd party bugs introduced by b433e484c9ee47ffc"
c88c4809c2440d286ed0fc29e1e8d684f015e563,wolfkdy/mongo,True,SERVER-26990 Unify tracking of secondary state between replication and topology coordinators  This f
1e6bc3c5811728b9f346afb6ca44bee19217ffc5,libvirt/libvirt,True,libxl: fix coverity issues introduced by 6a95edf  As discussed here [0][1] Coverity reported two iss
777e473616510500ae348cea42310891253a5703,NREL/ssc,True,fixed bug in pvwattsv5 and v7 that I introduced in 896baf3 where lifetime mode wouldn't work if degr
b7454125e1f9f9f60a02cd09cc1e272e9bc9414b,fgenesis/mangos,True,improved spell LOS handling added yesterday  this fixes problems introduced in ce6eb5d4049441b911dcd
9bf86b12ce04fcb7d997eb1fc8c55fd43d18ab79,jwang36/edk2,True,BaseTools: Fixed bugs in CopyDict function  https://bugzilla.tianocore.org/show_bug.cgi?id=1387  Thi
242f5d72739286ae582e5a1b461ce3c53fbd94d4,DaveMielke/liblouis,True,nofor was falling through to empmatchbefore.  This fixes a bug introduced by commit 1f3c08b.
48e890457b06263c1faf04de67652816402f8e06,jwang36/edk2,True,BaseTools: Fixed the build fail issue for cases  https://bugzilla.tianocore.org/show_bug.cgi?id=1386
648798687aca52af6004e5df1711bdda4a8c2096,hudmol/archivesspace,True,fix error introduced in c495db8b
ff769c9f50821deaa0507b228df548485d2a467e,phlax/pontoon,True,NOBUG: Docker fixes  resolves some issues that were created in e4a3758e59887e435f85e54612d736c309ce7
7db1689c35a6f7477c691c31232ec10725ba9dfe,rth7680/qemu,True,"block: fix qemu-img --help invocation  This fixes a bug introduced in commit ac1307ab, that caused t"
ad7ec548cf4cc5b6f5bbddf93f00571fb942014a,m0vie/mpc-hc,True,build.bat: Fix bug introduced by 520944bf5fdf  Commit 520944bf5fdf accidently reversed the if/else-c
abc4c3386a50cb97c30ec108f0cb85aef769c267,tianocore/edk2,True,BaseTools: Reset FdsGlobalVariable  https://bugzilla.tianocore.org/show_bug.cgi?id=1418 This patch i
0e37372291125f8253eedf06be6d56263180436a,danielhb/libvirt,True,"conf: fix logic error for scsi units  Introduced in c8007fdc5d2, it should use 'greater than max' in"
ba70e05ae24728a30e85618657b52c8da8d08b4a,plt/racket,True,Scribble: fix Latex-renderer bug introduced by 67b7c8f3f4e54
59218a650af2d92d61e43cfafa71720e669c731f,zephyrproject-rtos/zephyr,True,dts: flash: remove explicit app state partitions  Remove all explicitly defined application state pa
a356825883fd766d84817d3f2c88a222539788a1,pupil-labs/pupil,True,fix bug introduced by commit 44e719825ac6b8f615ae791fc6b496783919142c.
4a06789c8a39bdd609f8c7ed6e13a0d316e1acb3,Ignia/Topics-Library,True,Corrected which value relationships are set to  This fixes a bug introduced in #d5c0959
6248694861f0c414571fadba447a0c1cab95284e,libav/libav,True,avconv: fix some bugs introduced in 630902a1e1336e7ee0cf3dcbcb6eb07af8edf660  These caused scrambled
52cf0d0c64e4ed9d60ae18d9f4c48643416af684,bravewick/Reload,True,RELOAD-137 Fixed bug that was causing server crash if there is double request for project deletion. 
9c159b0bff831e58af6e76476d25731ff4b4753d,avocado-framework/avocado,True,"avocado.test: Don't force creation of the test datadir  A test may or may not have a data dir. Also,"
b5aac1368e4ffbbbb6dcad64a9115823f9a40c48,kees/linux,True,memory: mvebu-devbus: fix the conversion of the bus width  BugLink: http://bugs.launchpad.net/bugs/1
356aa8d89b10872d27afa8dc71257c37db676ee9,OpenEmu/OpenEmu-SDK,True,"Refuse to scale until 8 samples have been learned  This commit fixes the ""relearn"" problem from 65fc"
9e369b79888abd4a3e7b4fd63ac32a38959e7e16,datamapper/do,True,Primarily fix bug introduced in 83d72d60: TZ DST calculation was broken.  Also:    - moved tzset() i
515b556b48cc8a309d6a0d471b20d785cbc58dc4,Jermolene/TiddlyWiki5,True,Fix for previous fix  Fix for problem introduced in 25f4ce93ac377400f3ee530fbc998b76f00cc899
be540e5345168ddf415e3c3ebb08d7ddf5e83d11,computationalcore/smartcoins-wallet,True,Partial fix for bugs introduced by commit 65efaa932ee6d0bcda6f97bf03616f1b7024aeaa
038034fcb6daee5355c58bde8b870b5b87c28b3d,computationalcore/smartcoins-wallet,True,Partial fix for bugs introduced by commit 65efaa932ee6d0bcda6f97bf03616f1b7024aeaa
0a00a9a05b357dafae86bf8af879aa601f101eba,stereotype441/mesa,True,intel: fix build error  Fix a build error introduced by commit 6862b54f: i965_dri.so.tmp: undefined 
b7945be7663dca6ff270d2fda32f4e650574f57e,kezabelle/django-haystackbrowser,True,bugfix: template syntax error introduced in 46fa79c
19becb0dda500aa76d83f2cde7ecbd05f6e395ef,kezabelle/django-haystackbrowser,True,bugfix: NoReverseMatch introduced in 46fa79c
d016af5759c417fc07286df049f9722914e58bce,nariox/BitDay-Linux,True,Fix for bug introduced in 9950fc3  Commit 9950fc3 introduced an extra space between the `file://` pr
965af57b4befe1bb3f33ea0fab4d986d1b96caee,catsop/CATMAID,True,"Assemblies: fix deletion of relations  Fix a bug introduced by ed8321a: relations involving both, no"
4030408c08e53b0d008afba782390a450c5bed48,solj/bcfg2,True,fixed indentation bug in SSHbase introduced in cb8b988774c573bb8f6840aa60be0ced60323940
95e56f7d6590742bc61e0db1be7202043f686471,magnumripper/JohnTheRipper,True,"pdf2john, fix problem introduced with 292b35c. Closes #789."
27795cfc0f3bd9382d73c1a9ce992f4de15823ca,tjfontaine/libuv,True,"unix: fix accept() EMFILE error handling  Fix a bug that was introduced in commit 3ee4d3f (""unix, wi"
1424699ca5726e0fac94b91f34ae14391699fb4a,c9s/App-gh,True,fix syntax error introduced in 2e515637
cf68e949730c33e049a900b2cfc5542f99536f05,ctxis/CAPE,True,Loader stability improvements (fixes issue introduced in 1b788c9)
62e764219b25f5d5a4de855e53f62c43130ec918,TheBlueMatt/bitcoin,True,Fall back to oneshot for DNS Seeds which don't support filtering.  This allows us to not have to upd
617d46097439f958d5dddaf8526af9f507b5bd76,cpesch/RouteConverter,True,fix zoom problems introduced with f18a70f2c71122cc8928c33e5cf929255c616710
593ab7a503bedb273e8f9e84c92b447d1ecc1f23,alk/ns_server,True,MB-5307: don't allow duplicate nodes in apply_changes  This fixes bug introduced by the following me
eb598ffd169657961a9abb9f9e6bc65b8e80dd63,danielfalck/FreeCAD,True,fixes #1740 quote pov-ray binary on windows  this fixes a bug introduced by 3523741e96d0b8db338f8f05
37319daeacd1be3fe9005f8fb4f99c05f99174b9,Kitware/ParaView,True,Fixed errors introduced by 91e64b.  vtkPVDataDeliveryManager needed to pass atleast data-type correc
7d8021c967648accd1b78e5e1ddaad655cd2c61f,yangdongsheng/linux,True,USB: OHCI: Fix race between ED unlink and URB submission  This patch fixes a bug introduced by commi
1a4a16ee5c798a6ef9c583fb3f6fc63a7c0ae35e,Baalberith6/Hercules,True,"Fixed a crash caused by NPC variable references in callfunc  - Fixes bugreport:8074, thanks to ahmad"
9c78371a05af895aa9215a43e2ad84b0cf6cf437,jackalope/jackalope,True,fix bug with jackrabbit transport introduced in 1603a98a0ab8dfe42b3406d7f2ede0e5d52d6521
35955d20ffac7020b5cdeebf1292151a809ee43c,qtproject/qttools,True,Fix build error and crashing Clucene (VS 2015).  The patch introduced with 78beb4c7d did indeed fix 
de3aa53184f9c31fbbca3a621b9f38756e9289dc,virtUOS/courseware,True,fix fatal error introduced in 6ffb678
3cbcfa2decdbe2b223f7f878b03a5f33a41a22f5,FFmpeg/FFmpeg,True,http: Clear the old URLContext pointer when closed  This fixes issues with opening http urls that ha
791446102231d10b325cd522183016e240290f40,Redmaner/MiCore_kernel_aries,True,"mm, slab: lock the correct nodelist after reenabling irqs  cache_grow() can reenable irqs so the cpu"
dca4dfacf22e93017c90c308dbeec27a77b4f338,bmweller/source,True,iproute2: cake: fix patch format error  Fix patch format error introduced in c4e9487cf5 Refresh patc
5d6b045b5edb391ced0a48f49dafcc49fec9c303,ckaestne/TypeChef,True,fixed a bug introduced by commit 74426be70bf8d339c7ff2491b5b20f3bd93ebed2
d034af0f0e52d32f1d87e12bb3c7cc36da9bd624,mobilemind/pastelets,True,fix Makefile error introduced in 68db603eeb; use only \n in alert(); bump version
6256da56970e42e11f9e6bbeec20aa950034d83b,berhoden/ember.js,True,lastObject should not raise exceptions on empty arrayControllers  It fix an error introduced in c97a
7cd661888ca036cee2ace55894b3853a88716c94,euphorie/Euphorie,True,Fix bad titles in client templates  This fixes an error introduced in 67477fd6cf0b5ff14a27804ec59ce9
902517a7c03ec5a879190903f65fafc62c0b1613,torproject/tor,True,"Use SSL_get_client_ciphers() on openssl 1.1+, not SSL_get_ciphers...  (which isn't correct.)  Fixes "
162f942f4839b451fac706a2b0fa49f2eaf5ae77,thinkaurelius/titan,True,Call AbstractElement getID() insteado of getId()  Relying on capitalization significance to differen
f75c9f110f0bc2cba401a8b95c9c4377c6c057e9,CyanogenMod/android_frameworks_base,True,RTL: Fix handling of special unicode marker 0xFEFF  This fixes a problem introduced by commit 43e45e
624c5d09e2f46403f8754567b387987488c5446c,openafs/openafs,True,solaris: fix afs_event build error  Fix build error on solaris introduced with commit dc077b83c9b1f1
290d0c64b9decf8ed7cf2b80c1338e252a972c46,cernopendata/opendata.cern.ch,True,CMS: fix XML compliance of `cms-tools-vm-image.xml`  * Fixes XML escaping problem that was introduce
426bce6a8343d886b8fadeeb2cda86abd53bf37a,dsedivec/org-mode,True,"org-capture: Small fix  * lisp/org-capture.el (org-mks): Find entries with full prefix, not last pre"
e1d1e2ab606d48011f8a31bff80b17bebf59d2a5,pynbody/pynbody,True,fix bug introduced by cb80d34a that crashed when noplot=True was used
03374e4746cc606e92d5d4676cce1c122cf559c9,nwoltman/node-mysql-plus,True,lib: Fix foreign key bug introduced in d43235a56772115ac1b945cc670f7ffd8f76c447  That commit used a 
a8bb7436cc7a1039a8c8645eba6b75e7b0cc5b2a,poddarh/frenetic,True,fix bug introduced by #577 (c22028e); ensure ppx extension is tested automatically so we don't intro
66fa6b7e13fbcc5f75fb1b8aa3aedfbdbc148688,koenkooi/oe-core,True,"multilib_global.bbclass: Fix non-multilib package provides  In non-multilib packages, configured in "
b4652201c2119289e5b6197465cfe5e086635c10,FlorentRevest/kernel,True,java_brooks: fix kernel boot issue  Fix the boot issue introduced by 3a9e57e for java_brooks variant
436b57d666a843f9263f29ba19349ed8b89cf380,jnpkrn/pacemaker,True,Test: tools: exercise invalid CIBs with cibadmin and crm_simulate  Prior to commit 35fadfd (fixing a
428321adb92b17c1a955eeb43191c3cdce1833dc,MLton/mlton,True,Omit copying unused args of `Jump` blocks at a `Goto` transfer  Fixes a bug that was introduced by 1
2023095d8e63e50fb48f28d1d5643591eec19124,dougbinks/glfw,True,XKB: Fix Unicode lookup regression  This fixes a sorting error introduced by 8597002a177beb56db09cd1
ee3be3c8eb97b6d56b8266cb02fc976e468641ea,Kinetic/kinetic-c,True,fix Apple OSX build issue  Fix build issue introduced by commit 9b0b8c1cbd1d945fb096d6130f18c99ca901
e0f3b803d74277677697bdf5b5e4c28766cfbc93,radekp/linux-2.6,True,um: fix global timer issue when using CONFIG_NO_HZ  commit 482db6df1746c4fa7d64a2441d4cb2610249c679 
040313eb7d79aca47cb897479c6bca1af5e2ffb3,ghc/packages-base,True,BufferedIO: fix bug in writeBufNonBlocking introduced by commit 7d39e100  bufferAdjustL does nothing
db0f0c80d829914f157aa43c8f1ac160fad0dc5c,tobiatesan/scummvm,True,WINTERMUTE: Fix autodetection when adding a game.  Fix a bug introduced in a25b462889541ce5453955ca7
8e827f29adac0c3345f3184458e1d8502a88622d,christ66/git-plugin,True,Use BuildChooserContext environment in InverseBuildChooser  Fixes an issue introduced by 4fc7f4447c9
6a6b16df28a0a38ac93a51767fcd743d04097ac5,ghc/ghc,True,"fix a bug introduced in 1fb38442d3a55ac92795aa6c5ed4df82011df724, symptom was 2047(threaded2) was cr"
6d8bf0047d8ff5a867c3b93537bc5d2340e997e5,icsharpcode/SharpDevelop,True,fix bug introduced by f0ab34006f318f583672d14e7b130c220d2d4f98 - http://community.sharpdevelop.net/f
efee77466876124b21e4b2f3637225f9f47397da,alphagov/whitehall,True,Attempt to fix build.  Resolve problems accidentally introduced in b412f37cb6edccdaf65d8329c8599ddbe
a30e78457abe6fdf199e30a9d74ffef53f27e700,jomz/navigation_tags,True,fixing depth issue with nested navigation lists (introduced in 57184a5b2468480ce9708209cfe51d1471b4c
131af9955df02b9feae3c7054c216309cad3fb50,plt/racket,True,fix bug introduced in f315f08dc3af4879b5456a1274b143e637cac47d  closes PR 13435  Also cleaned up one
0cfc8fbd572527f6c1e146c0618dd3621ace1353,bwesterb/mirte,True,core: fix a bug in c062307e  Signed-off-by: Bas Westerbaan <bas@westerbaan.name>
92c1ef5b7db9b5b6e1965a0027667ef2390e6ebe,praet/sluk,True,don't write the same entry more than once  Duct Tape fix for a bug introduced in 537dc59c7c922a0b  U
0bd44a41672fc47047913c0a0b0c8a6fb8448413,praet/sluk,True,don't write the same entry more than once (episode 2)  fixes a bug introduced in 537dc59c7c922a0b  U
189cba7fd2d6d3183af0a1f9ea9fae81890523dd,dirkhh/subsurface,True,Add code to enter SAC rates for dive planning  This just provides the infrastructure to enter the da
29a2534c7f5de5a8dc06d48b2e7c52d7416d6a6e,dnk/mate-panel,True,clock: fix UI issues introduced in 882f8f4
94aa033efcac47b09db22cb561e135baf37b7887,olafhering/linux,True,"KVM: s390: fix get_all_floating_irqs  This fixes a bug introduced with commit c05c4186bbe4 (""KVM: s3"
6ec80b66f9245112614f6b5d7d5fe23176dbede1,nvs/map,True,Objects: Fix comparison  This fixes a bug added in: ff85b9a76e933bc50f1ba9acfe032f384ee24bb4.  Basic
3364c44e4e8731161b419587b1737c0482327ad2,MythTV/mythtv,True,"Prefer the faster localhost DB connection, when appropriate.  If the user specifies a DBHostName of "
c8fa61fe6b4514e9ce31cc277a2a63a555aa46b8,tomprince/gemrb,True,"fix bug with uppercased area names, introduced by 315b8f2e"
b26dc16d46a89d940c184c3991705037003d29bf,Matthimatiker/Erfurt,True,fixed bug that has been introduced in 133deecb65658639a12e34de272e900652c99231: only change store ad
a3c536fcb374387b228c7a270987d6d38d697b86,vdemeester/nixpkgs,True,dockerTools.buildImage: fix two bugs introduced in c88337c9aca9d91804da7d1d05960c88e17455c9
b68d4ab6213874e3f626e7e6b31dee3a13c5cf73,afrjorge/cdf,True,[CDF-370] - Fixed bug introduced in b639889e3906513c4de69dde72896d605ade0411 with the parameter get 
ccf072479fbc86a8f5f75ff3239b5e92152d671d,wanadev/PhotonUI,True,"Fixes issue with event propagation introduced by commit 39f60ba (closes #58, also a replacement fix "
cbfad27303900c8dffa26a96d32e7a8f8c9842bd,earl/r3,True,"Fix ""Cannot find REBOL= definition"" for make-make.r on Win32 (0.3.1)  This fixes a minor issue intro"
ea2127c3b2ddef5709e02b4804c074bd1f942159,gallery/gallery3,True,Fix a bug introduced in f2477703faa7cd05ff1aa16da3ecef7b666bef40 which was a fix for #1581 that caus
3fbad6bace12e1c14b57cd53836d848e166a1135,okfn/recline,True,"[make,bugfix][xs]: concat js files as well as css (problem introduced in 882d31eca577fcb35be2c23995a"
2e6dd8c82956ad6f42e394c3b701fa7fea1ba36c,communtu/communtu,True,fixed problem with missing space character introduced by [dcde68]
2d29228a3ce6d21b5f4a583713461e6f157065d0,praet/magit,True,fix rewriting bug introduced in 14fdc8dc7ccb05c4  Since the rewrite base isn't rewritten itself anym
18a7a9e62b99e21c8b4b1c564dde53c2b50caeea,sverweij/mscgen_js,True,[render] fixes a bug introduced in a71d5387c1548 in which empty lines in labels weren't rendered  an
0d02df6cfd4497f14e627608b0489751159ae696,wikimedia/wikimedia-fundraising-crm,True,Bugfixes and error handling for commit dcbfae0f15689b2e48cc811af6db04ce5a3ca10f  Change-Id: Ic5901b2
2db512a7d959efc1a2fb3fa2090ec25f90e80f15,pcolby/bipolar,True,Don't use qInfo prior to Qt 5.5  This should fix a bug introduced in commit f8394e9 (#71).
4d9afa70a099365b3f5e13570f7d930d37a5847d,pantsbuild/pex,True,Reimplement PEX_IGNORE_ERRORS.  Fixes #82.  Also fixed a bug introduced at fe895b2e2 that breaks boo
662fba85ccebd0e2ffea391fc080b51cb9139151,basho/bitcask,True,Fix bug introduced by almost-bugfix in commit 1a9c99 that was supposed to be a partial fix for GH #8
eaca7ff61fc25e0f18f89d3a79bd7641ef229c8b,magnumripper/JohnTheRipper,True,fuzz.c: fix a copy&paste error introduced in aeff562
527d7d4a67f859a3315812b100b2c58fd0eeded6,andrejb/leap_mx,True,[bug] return uuid as result of alias resolver  This fixes a bug introduced on b0ef529cc882a96903597f
e9d4df10ff14e95aef284da9dde0f890eca1f555,lguzzon/Ractive,True,fix two-way binding bug introduced with 4a35078a8b3eb24193312e3eefce5506908fc2b7 (see #155)
4fecf50fe2f4a83c92b65cc9fafca9354ff7c544,ronf/asyncssh,True,Fix bug introduced in public key encoding by commit d356937  This commit fixes a bug introduced in c
c5b35452475ed915c7d5ce592ef9a330c48498a3,markcwill/obspy,True,fixing a bug introduced in 4e70c059e8f76d3e71da45d31ac31b6759f7b4b2  (IndexError in case of a gaples
1ef289eb4daddacada6879e5f4f2d23a67e89ef6,hinrik/perl6-mode,True,Consider 4096 be eof when looking for the next line  Here I'm also fixing a bug introduced in af61f7
fc15ce46c08b8d50aa5230ad13459f804f4152fa,ta2edchimp/BattleReporter,True,... and a bugfix for previously undefined variables from #2c5fc8e
6d7ceb8af396b0555498c040a6ae2cb08a485481,fcrepo/fcrepo,True,FCREPO-1095: Update libraries for 3.6 release  Updates install.properties with the updated libraries
74cafb093657f314d51e60db25ba8615751f2e0c,Unvanquished/Unvanquished,True,Export entity netcode in ClientThink_real before Pmove.  This fixes some weird bugs like missing UI 
5cd2ce66462f230e703632f073045a5e849a4f1a,euphorie/Euphorie,True,Add fallback button in addbar  This fixes a bug introduced in 1e21ae1e6de6b49fb53ca462f1ddcc8d2aa6ce
d363c14f43d48fc25fcdac7de413b7b144394383,Avalon-Team/Terraria-Avalon,True,"Fixed bugs that were introduced in 45443e0371 , and fixed #5."
39bbd9c2f7dcff73f05c26ac4d645838022b75a5,01org/rib,True,[General] Fixes for pull request #44 - Navbar  - [Serialize] Fix attribute bug introduced in ba1b265
ce75e320a63217269be2c8cd0a87f1bce78e4ea9,alexeicolin/glogg,True,Fix for chunk width calculation: char bearings  This fixes a bug introduced in 7a5d77672e884ed64402d
e2978c597ee015d94731c04ae6061fccbe0be909,pfeyz/larc-tagset,True,fix IO bug introduced by f781b91
bcf0d26ae957882c7f6f740bf1d4ce89e877bd32,retroj/conkeror,True,tab-bar: fix bug introduced in d3f0d0d  'tab-bar-mode' failed to disable the tab bar because of an i
0ad308eb13694cb776e119531b5eef6a6e626e6a,avs333/alsaplayer,True,fix samplerate bug introduced in 63f9be1; cmd line asm + options; rough 64-bit build
d6ef40bf1881ddc82c8d64e72d412090efe1190e,gxt/QEMU,True,bsd-user: fix compile failure  bsd-user doesn't actually support reserving a memory area for the gue
b191269cc82050085b6900fca7a20fc013cff02d,ArduPilot/ardupilot,True,"waf: px4: run firmware task after link task  This fix a bug introduced by 06a5156 (""waf: px4: reconf"
affeebb8d644a15b3c2ee610b4d45fba288bba89,zhengqunkoo/taxibros,True,Fix build error introduced by commit 05cd6cc.  Replaced DownloadJson.get_json because initialized Co
a9877604d295bf8cd7a3351f48719e75a006d223,meren/oligotyping,True,"I think I deserve a medal for 6dd6aae158dd85bcbcd0d5f4bca713291b6635a5. thanks to my poor unittests,"
93bcad968e6cc4f8b20b3ead1a6a160205f1b7ef,nvanbenschoten/cockroach,True,kv: bind Txn to TxnCoordSender immediately  This change fixes a bug introduced in dc22c39. In that P
26d4165cc97e9c642a8967187ee64eff2bcc0dcb,sipi/dwmstatus,True,fixbug inserted by commit 622ef805
8c228a4df161e1ed4ce3e3f81e3c7592eb6c41f9,icsharpcode/ILSpy,True,fix bug when printing type names introduced by commit 51fc2f10cc1cd224ea2c9d6f5b692e8ebaf2c956
4417a94e8c1e6e286d6a2c0ac18fc8c6dca052e2,t2y/python-study,True,fix the bug related to 8973df6 and refactoring
1fe6aab99c0391a6c38f1f8a2f6ec10045a41fa1,Brainsware/puppet-trafficserver,True,"Correctly set reverse_map nodes with Augeas  Do the ""replacement"" on the beforehand created reverse_"
66bc9aa0950008ea44e61f49a1621fe6ab3d3c53,basho/riak_search,True,Maintain sort order while performing search result doc lookups.  This fixes a bug introduced in comm
a9b38bae599e0522cf588e2e213a2f1234b41d03,unshiftio/tick-tock,True,[fix] Correctly adjust the delay of the timer  Fixes a bug introduced in commit e1dba13b where `setI
441797e687f1dd76d7d5e825b78ab73e14a8963a,ufoai/ufoai,True,* fixed script error introduced in ecdeb627429f7b480e9239807a9c205e30a093d2
fa75942315b1a6375484a3dc1c9da38af90e12ae,dials/dials,True,fix bug introduced by 89e0a64ab297d35f713ae479089b85ff1513ede5
3a061c367dc2654b9c3e14af62ce7adbd971fe7f,blblack/gdnsd,True,fix kill-status bug from 2ae7c831
2d2cd5ab013304030130408da7302e1a7797ceb4,the3dfxdude/7kaa,True,Do not apply Quality-of-Life below 30 loyalty.  This change fixes a balancing issue introduced in c3
768234ac91898e5b3ff4b9d538922f7f5bdfe696,wp-e-commerce/WP-e-Commerce,True,"Resolve fatal error, introduced in 7d4613e7a820c3fcb775c40ae142ca7c6f646ab1"
63424e82db0c763ea1851312c07f780de179cb23,BabylonJSGuide/Babylon.js,True,Add canDirectLoad to glTFLoader  Adds `canDirectLoad` to glTFLoader per the [recent change](https://
cacc267db342253fa3bb417580a249607111e094,mthomure/glimpse-project,True,Copied non-SSE code from core/ to backends/cython_backend. This fixes the errors introduced in commi
0984374d44cac0ab9fd3418c124a6c33483d4801,wmanley/stb-tester,True,Bug fix: Ensure that frames are still dropped even after a pipeline restart  If stbt's image analysi
76ff25d9bf97579e7213102065fd5096f049a4c5,bvanassche/net-snmp,True,"CHANGES: snmpd: HOST-RESOURCES-MIB::hrStorageTable: fix bug in handling large filesystems, where lar"
4fb854a33e4969a25ce5b2c5959b2fbe3e1eb73f,embree/embree,True,bugfix for ad0a818e154d3086f89a5d1641fcb5e968c81097
9f2f138d347be797aad669d163f0d901d3d02d87,imagej/imagej,True,Updater: Brown paper bag fix  This fixes a bug introduced in 34d01ebe(Updater: prefer the update sit
3fd78fc793bd8f0efd7f319360212223bcc5bdf7,mendix/m2ee-tools,True,"Whoops, fix bug introduced in a5fc294, correctly use constants from configuration"
0eb64c6d36d3c9f0fdfb11071b0cda702103c0a0,Slicer/VTK,True,[regression] COMP: vtkQWidgetTexture: Fix undefined _glPixelStorei symbol link error on macOS  This 
807b1d9fc4a8d53b2120c350fd27fce394bb66cb,srstrong/erlang.mk,True,Set ERL_LIBS to $(DEPS_DIR) rather than $(DEPS)  This fixes a problem introduced by commit 1b6aa025 
2dd373894f76f768a72c9c08096c2598c0b8485b,joyent/node,True,typed arrays: fix DataView endianness regression  Fix an off-by-one error introduced in 9fe3734 that
a1d308914090d689973af1b4cb8d0141a91d7a46,Tragetaschen/linux-stable-pconxs,True,perf diff: Do not overwrite valid build id  commit ed6c166cc7dc329736cace3affd2df984fb22ec8 upstream
3373e30808d29b417c45834f394685ccc4662445,sqlmapproject/sqlmap,True,minor fix for a bug introduced with commit 1ad9e26a210f59c5a3fc5206c1b3772b1f7de4b5
ced01ece8684a97a2d3a4166eb588feb3e422b00,CpanelInc/perl-compiler,True,fix segfault error introduced by 0c0087b - t/C-COMPILED/CORE--io--open.t
06694061d281617fb96f0909eecf4d872d8fa21d,cappuccino/cappuccino,True,Fix nib2cib error introduced by c3d8f4f.  This fixes `- [NSWindowTemplate setFullBridge:] unrecogniz
e9e3d31d2c141af15518ce6578ef26480fe97878,Rudd-O/zfs,True,Allow 16M send/recv blocks  Fix an off by one error introduced by fcff0f3 which triggers an assertio
c012b9a59fe51ef0f057af4ef4a384eca9d4ecce,google/neuroglancer,True,fix(mesh): fix bug in mesh display introduced by commit c195285584f3fcc7bb1fa37595b803ca3d6d58b4
2b0506fa62fe427b25b4cf16d3ba3f065c0cc46e,Manticore/reikna,True,cbrng/samplers: fixed a bug introduced by commit #ef1b6d8df8
d28c72b6f13c669ebe8c179335d52c2fc609fdbb,sqlmapproject/sqlmap,True,Another fix for Python 2.6 (bug introduced with ff7be9d0eb5baf89a5acc8a4c5325767e3582129)
22aeba9bbd31e38cf76f1d919ee440c47b827449,mapnik/mapnik,True,Temporary fix for deep copy problem introduced by aecd6820c268d2f1b7aa739927dd92a798acb8f1.
3db8a8cc68f2c2ba6ba2ae16c322491d389dc984,doktordirk/router,True,Fix error introduced in 487c33d50fa938c9e725180877f6510ecae89db5 (when trying to fix #480)  This cau
2fea32b843d0d42d15e90d611302780359edd803,JobJob/IJulia.jl,True,bugfix in 8f922494cc9f7079e6b8bee046cb8f1337a5224f: limitstringmime needs to handle raw data cases
257ad2278689b80a4dcd2ee1577ea09c1798c420,krisboit/protractor-xmlhttprequest-mock,True,Fix browser scripts injection  This fixes a bug introduced by commit 5e61f3b: the mock object that l
d76852f0b7b9b6e4b1bbd12f12ae9a7a86a602fd,mirage/ocaml-cow,True,fixed a problem introduced in commit 6b08a08 which kept the library from compiling
01f64becc6048f95298f0dbf3c48907800467fbf,robertrueger/hVMC,True,fixed a bug introduced in 56e382c that prevented debug builds from compiling
311be89b0342f7c846fd738339573d4f6a9b7185,Rsl1122/Plan-PlayerAnalytics,True,fixed a bug in jquery.dataTables.js introduced in 0320b2cea83e626d06c16d13cd034d46d68d33ee
881e805f18d3b55805df3c6e7c9fe6d7bcf4eb86,icsharpcode/SharpDevelop,True,"fix bugs in FormLocationHelper introduced by 5a252208b6ffaccf56e5fee16feaa816cb9a5c5b, now it should"
0c49f3e7d1c22d4b54038b5a26e84ce9b1c10b1a,BrightcoveOS/Diamond,True,"Re #124, this fixes an bug introduced by def20ad90edbcaba3e063445c8a7f01ab8ca5a46 with the detection"
c0ac6854b906f7c5a4875def63c035621a27a7fc,apinstein/git-deployment,True,further bug fix to last_tag_matching to improve on changes introduced in 21318eb4.
1110b87d95108f3f01430f7e05aec4c9e7ebc628,sqlitebrowser/sqlitebrowser,True,Fix structure view after changing settings  This is fixing a follow-up issue of 012ad9217a9bb71264bb
542f8013fb2db008b4c52bf1dd409311bab9a90e,divdavem/attester,True,Fixing an issue introduced by 93411a13cafb165d123a7ec20eeb1333af453102.  Commit 93411a13cafb165d123a
63ee9b5438e6bfaae28ffa37d3499b41e454f0b6,donaldh/ignition,True,tests: fix compilation  Fix compilation error introduced in c8299bd66df31dd06a53ca280628667625c6a8a7
65ecbfd4ffbce3ab4324f20b521844d89f65bab7,danmar/cppcheck,True,fix an off by 1 error introduced in 48e6ea271a08a0d1cb9d2a5a22b6f946e404b959 that prevented checking
b624546ae60dc5878e75a32f41a160d383548b8f,mdboom/matplotlib,True,backend_qt4agg: draw() immediately calls FigureCanvasAgg.draw()  This is the latest in a series of m
4119ce40d17167af3ca25eb83ee7281dd7939401,PyBossa/pybossa,True,[api][s]: fix to bug in api object search/filter introduced in 80b418e8f2f92b558a3ca60355b9b9f0a3980
fc1d53fff802d8e89234845fff8928b3bdd8a2bd,yuriykulikov/AlarmClock,True,Alarms: small refactoring  this fixes issue introduced by 49d5841f04025e5a481117e4100e946e0666b331 w
0f7ec9e4c6875e8d2b7e55d3c23aac272ec87454,yew011/ASCRIPT,True,ascript: Fix bug.  Start fixing bugs introduced by commit 4a0dc0597 (ascript: Add the script.).  Sig
c8cb72c2ac818683f26ff397b3f29e693cf15867,emutos/emutos,True,Update current window when window is closed  This fixes a bug introduced by commit 22dc49d.
3284d66373cfba76e74f64afdbea432b945726c5,FZ69617/WME-ja,True,Fix for a new bug in overlapping checks and default locale translations.  Pull request #46 fixed a b
80281d4513edf654d17f96ac3cdad52e9090d54f,fcrepo/trippi,True,FCREPO-946: Rebuilder does not terminate (Part II: Fixing the Fix)  This commit fixes the error intr
93e969e356dc8908a7eeef675269149f81a10eed,mozilla/rust,True,std: un-ignore strptime test; fix bug introduced by 1a226f instead.
a86c7e31749b1d32ae57e72a3414c4d47179eb9a,matortheeternal/mod-analyzer,True,fixed bug introduced by bad fix in c87f969 with fomod folder mapping
903cac37d4bf9106a49b955e974890bf2cf08183,DavidAnson/markdownlint-ruby,True,Test rule/tag specification via config file  Also fix a bug introduced in 49eca63  Fixes #108 Refs #
645496dd3c5c89faee9dab9f44eb2dab1dffa3b9,amirmikhak/3D-GIF,True,fix bug introduced in 39cd2ad  These methods need to be private because they mutate the _cells array
f8c60343429bef3d9fdc86036c82355a3fef7908,johannhof/cobalt.rs,True,Improve dir creation during copy  This fixes two minor problems introduced by 02f866cade00538c3415ab
3faf12cd8603e3efbcc7e570e07dfd1ea2a17095,torvalds/linux,True,ARM: tegra: fix compilation error due to mach/hardware.h removal  This fixes a compilation error in 
f90d6126eda6b344baed8e5c628179ed2b02be48,DynamoRIO/dynamorio,True,i#1686 decoder tests: OP_mov and OP_lsl do not touch flags  Fixes a bug from 4d8bc7cf2f799ffe0434f9f
90932b71feb022c4ccb220cb11d79992ff4cef43,dansgithubuser/dlal,True,fix import order problem introduced in 6d7100d
d36ea213a82695d49f2ff951d8e9755c8154e3ba,Khan/analytics,True,Fix issues with video matrix generation.  Summary: This fixes a bunch of issues introduced in 0fac10
b67b0218d9f1169e8bd88b4a48da8346fd77f9f5,froydnj/ironclad,True,fix state update problem for digests  We need to update the amount of data in the buffer even after 
82ad940a7d3bec4b91f7a1515a5f0c04c3469fde,OpenTechStrategies/swoptact,True,Update sample data.  Correct sample data (now that a participant address has been returned to a fore
50d90e8703d421db773dcdfc3e114960d35796a2,plt/racket,True,bug fix for thread improvement  Fixes a bug introduced with c89fa0cda7.
b4fc1c2060f6da000ae6270115f34c05799266f4,minbrowser/min,True,"fix bugs introduced by 52141760c0cff7500805419431f29464c1cefbdf  sometimes, the task elements would "
7e3b157aca05ef173c49ad585fc31e82aed8026f,MightyPirates/OpenComputers,True,"fixed error in event.ignore that slipped in waaay back in 1fd375f, fixes #44"
1b78052f833d3a893e235dc4b3d4ae47ccdc38a8,diegoberaldin/MetaTerm,True,fixed very stupid bug introduced by e3fea74
8f984cc6300cb9898db96c70e1a5e6afb7e13034,phillipberndt/pqiv,True,Make resizing using +/- possible in no-scaling mode  This fixes a bug introduced by ed58a47
a85fbead23c3b9e074f9ed2428870b312a612733,Hasimir/Limnoria,True,Seen: prevent KeyError when calling commands on channels that the bot is not in  This fixes a bug in
e540b8c594139d6ef2ccfe3d0f38df522908ad9a,Sharpie/vagrant-pe_build,True,"Fix installer_path used for remote installs  This patch fixes a bug introduced in commit dfedd3f, wh"
ee94625f422a387f1447e89e214979208fc3888c,JonnyJD/musicbrainz-isrcsubmit,True,"index release choice with 1 to n, close #32  Our lists are indexed with 0..n-1, but according to the"
09c06eb70bff681e8e4177149a8ceb7e00848552,cyclejs/cyclejs,True,fix(history): fix history drivers to start emitting the current location  This fixes a bug introduce
92523909a244312c58dc78b269982391c50a541f,donSchoe/shoutcast-irc,True,fixing the topic-autoupdate bug introduced in e41ab74ec6
b6f2747212f5c9ba2967d38d696ac80ed0b20c62,donSchoe/shoutcast-irc,True,fixing the .status bug introduced in e41ab74
751179bdc5ca18cfae8f236528ca4c12e25b8f83,dalehenrich/filetree,True,actual bugfix for issue #36: extracted from c0cbc33c8865d748ad593de8c5b780e4b9292c05
3f2f169672e36e910635a4c6e27307250860b406,Unvanquished/Unvanquished,True,"Fix signedness error introduced by 599b800b, also fix spacing."
478ec07ddc343e68d1691d551dba00919fa79d70,axjowa/lldpd,True,daemon: use RuntimeDirectory= instead of mkdir to create chroot  This fix a bug introduced in b0ca58
52123455b13069d93b463797b52c22b7f7b7ff64,LivelyKernel/LivelyKernel,True,ast: fix nodejs loading issue introduced in #5c8613c
421630295997da0d2d29d45029c715bacbd54414,vardhan-cr/mojo,True,Close all activities when the shell exits  This fixes a bug introduced by 52ca1a43f7fca3f0a26b2e98af
40cba0e1fc8728df428634b5bfd2118f680490d7,spring/spring,True,fix compile error in spring-mt introduced by 9bd22b4f6b7fb52b41d91c91059a5c34c8d2e62e
3e6fa97f2f9f569e0db8c0eb8ef1a9f9c7a11de8,Fishrock123/fs-sink,True,"fix a bug I made in c53da50  silly me, gota put the async one in the callback  aka Needs More Tests"
d061a3658c8c570a3d24614970e355f083237254,mysociety/mzalendo,True,Fix the social-and-tools box on the home page  This fixes a problem introduced in 705a5d04e1b7b65ca4
ea74fa9c977df56617ad3ec18dddedff8703c389,kellymclaughlin/rebar,True,rebar_deps: fix minor issues introduced in a26acb2f  - restore meaningful blank lines - is_app_avila
e685cb39c54e44bbc581d291a61f7ed2c035aad2,DistAlgo/distalgo,True,Fix CircularRoutingException during bootstrap.  This patch fixes a bug introduced by b3fb2ef1f8b0ec3
0285c678ab65898ff1fec4170f5389921c9f872e,vadmium/pacman-arch,True,makepkg: fix signing built package  Fixes issue introduced in 9dd42dc0  Signed-off-by: Allan McRae <
224ee54aa822bbedbc0742033e491d27f7543387,ppcoin/ppcoin,True,PPCoin: bug fix of GetBlockTrust() introduced with 32ad4f42         getinfo command crashes daemon w
a2f15bb3f207607116de82e49d1dd6397977c41f,glensc/bacula-backup-mysql,True,do not lowercase db name  this is bugfix to 14c0360
ab4932491787d386a4c438960d97a72b0f59eadc,emacsmirror/org,True,fix bug introduced in c1226e8  * lisp/ob-core.el (org-ts-regexp): Declare this here as well.
d7f4788341f08f386341416aa3944c7f9bc0dc1b,asterisk/asterisk,True,channels/chan_skinny: Fix compilation error introduced in f8e21a1adf  A typo in commit f8e21a1adf re
e91c318327349a08b5ab468f266dc2e8e1918daa,yosida95/ansible,True,Fix extra newline at end of hostname for Fedora  This fixes a bug introduced by 138b45e3. The hostna
b4ed337525666da8008c6e57b43ad9ad24eb92a4,modernish/modernish,True,"stop relying on 'command -p', introduce $DEFPATH  To guarantee that a utility is searched for in the"
88fb03b9ea555039481bbf6f295beaae745098b1,OpenNMS/opennms,True,- fixed dependency problems introduced with 0027875391b056db212428cc961b13b7df74662e
db544d14746d0752f00dddbd6f6956d31734b918,herzbube/littlego,True,fix bug introduced in dd0e884: ScoringModel not yet available  Since dd0e884 NavigationBarController
26fe1bfb34b379842cf965f47dcdbb0fac6725ea,fuel/core,True,fixed bugs introduced by 6b0e64ce93127a375e0ec7bf1a791f31b5e71d20. Closes #1123
2ad3ce9f32e95056cc9bb8c914b1a8684c62c923,ualbertalib/DMPonline_v4,True,Updated application_helper.rb to fix an issue introduced by commit 741624a15460 from DCC
dbfb3eb92391d90741be3238551a0fffcf2dbcdc,dotcloud/docker,True,- Builder: hotfix for bug introduced in 3adf9ce04ef1632f82f7bd1585c135bb141aa450
fb5e962542cbfa6cd5a05f6c2837e917b0f1c7dc,basho/bitcask,True,- start with scott's commit 0d3acb0 - fix the issue introduced in 6c97173 more mininally - ifdef out
b9ea3d2e47b3741f3f46ba9c5e19640136933b71,anitazha/systemd,True,network: fix assertion when link get carrier  This fixes a bug introduced by bd08ce56156751d58584a44
a52aa4f9e84a1fcce728a6c1dc90c932b8de7cfa,daylightstudio/FUEL-CMS,True,Fix for issue with commit #3b84172 applying settings. Also fixed Fuel_advanced_module set_config to 
4457d01e357940c03866f43ba0b715ccc0dc3d4a,Ensembl/ensembl-hive,True,bugfix to [to bee183d] : ignore a possible collision with another beekeeper updating worker_resource
ddcb73b7782cb6104479503faea04cc224f982b5,AsherBond/qemu,True,e1000: fix link down handling with auto negotiation  Fixes a couple of regression bugs introduced by
48bfc31b6484398e53095205b799cca7c4640335,u-boot/u-boot,True,MIPS: bootm: Fix broken boot_env_legacy codepath  This patch fixes 2 bugs introduced by the followin
1cce2062a6ab05a552eef9f1dfdac6adc7e25593,span/hackademic,True,fixed bug introduced by commit 82fe84a9b4da97722c0366468b1ffdb9a7dfeccb  Signed-off-by: Spyros Gaste
5680622ee9d70a9df30564a34e0cc01afcf0d05b,zllak/collectd,True,Don't clobber TMPDIR during Java detection  - Java detection used TMPDIR as var to parse command out
8cfd5a71148b25a7d357fbcab50b51905b5f403d,pfi/pficommon,True,Added end check to json parser.  This fixes a bug introduced at 1c7595e2a9d8c8b48e1864acd3d559451948
ce6760404851f410d63519084329d54dc216ff93,stefanha/qemu,True,Update OpenBIOS PPC image  Update OpenBIOS PPC image to SVN r1063 to fix issues introduced by commit
1a6ba5edc0b4482182ec6603433435ff091f66b6,yrutschle/sslh,True,fix IPv6 parse error introduced in 7bf3e12c30d0585743792982ed8bcfc44aecae34
719c0c590609809365c6f3da2f923cd84dc99113,halaszk/siyahkernel-sgs3,True,compat_ioctl: fix make headers_check regression  Fix headers_check error introduced by 390192b30057:
ee64b154295cf41674ea1a24e9c93b529e3a7111,imunes/imunes,True,"fix bug introduced by b5e407688ab373a5b  The check didn't include the pseudo node type, and this pre"
dfbc282c2e16cd6044e4181f150dbd1e2224eaa7,fishman/ctags,True,check multiple parser methods are not defined in a parser  This fixes a bug introduced in be4a211749
c79022369bd38f8cf13a7fa15df174bbe46e311d,hetcomp/hpmc,True,fixed small error introduced in 963df0d76832420e8e95c67bb15283f818a0c4d1 and some more cleanup
0c410648ffc396b6e66cf484ff55357e203d826d,saqimtiaz/BibSearch,True,"fix isbn search bug introduced in 350880260e, improved query building - fix: 350880260e filled #sear"
abf2382352f51e15c5377e34ca5fcff6ed40a0fd,refinery/refinerycms-settings,True,Update specs due to recent Capybara upgrade.  Also fix bug (introduced in 6322e1ddb85bfa6b42af0260b4
147d617c245e14f0741065766d18c9734da73142,modernish/modernish,True,tests/run.sh: fix double harden() call bug introduced by 12f0fa49
51267f88c1940b197d8ff6d7b03d3060fea4c896,janbar/noson-app,True,fix qml error introduced by 8c073780d8569c40c1e39ed560b0f28d893dbda8
eda888e57352037ab2e60f6ef90098b3ce23a157,TheBlueMatt/bitcoin,True,Fix some LoadChainTip-related init-order bugs.  * Move the writing of fTxIndex to LoadBlockIndex - t
2e9caa8942a2c4938385960c6b92dee629e78922,mirror/qtbase,True,SSL: Use correct signature for SSL_get1_session  This fixes a compilation error with GCC 4.7 which w
d44f6915cadd705b9a046f029510e2fff8f054c0,xnhp0320/gobgp,True,cli: fix bug of injecting mrt table dump v2 data  a bug introduced by c4ced97e76f12d5c37721c107e6114
40de13f55078d9e4196f7ff57137b5880b192106,kiron1/sloth-cmake,True,fixed missing install error introduced in 925b39e
f2697421a9b3fc9bbe7d7e6697c620c965c6192e,vladimiroltean/sja1105-tool,True,"conf: tool: init: replace all ""-"" signs with ""_"" to avoid confusion  * this also fixes bug introduce"
535d6825612f33779c35b979fe2847b8d4c9ec8d,olafhering/xen,True,x86/boot: drop pre-C IDT patching  It is not needed now that __start_xen sets itself up with complet
0d96ad69ae12b697cc2aaa64bde7864fcda3765f,rrthomas/cw,True,cw.c: fix a coloring bug introduced by 1528c51d793  A declaration was brought TOO close to the point
70d83af7e74a7bd07d4e39c99bbcd89a11030bef,biolab/orange3,True,TimeVariable: fix repr_val issue introduced in 5854989266e407a30a2a833b7aa4bdfcae8d8dcf
5ae74c7767fd421171c92a030041db32bd5886ea,nolimits4web/Framework7,True,fix: bug in cbcdea4
968ff86ea1f297a32e454962f2ac8b19dcef6769,obspy/obspy,True,"fix a bug introduced in 6a914e66d02, see #903"
9e07b47233034a027c1e7d177dd4b9874c8c15e4,Kasukoi/eisverkauf,True,fixed a bug introduced in 37abe64
7b4ff6dd231f6742c1a75a62b431af64fa6e7a20,scheduler-tools/rt-app,True,Do not use json-c's is_error() any more  In json-c-0.12 is_error() is defined in bits.h which is exp
ec7334aa18501a3b35b5799c7f31a6912dad0261,Edicy/wysihtml5,True,Fix errors of bugfix transfer introduced in 331423bbcf442f16649c4ee0adfb323b8c29337e
41574170eb04562e497d87c900a502132ed478d0,zuzak/cinequeue,True,fix path display regression  Fix bug from c380fbcb4b65724d52ce7e43d0c7f220cd843c1f in which paths on
b3469fa94b79ad56e978130cd28f863f1cbe7217,bkaradzic/imgui,True,"Alternative fix for bug introduced in d845135 (#1651), fix CTRL+Tab and fallback tooltip."
0584c7953de15354d6a5e6aac5235813f1e02004,uweschmitt/emzed2,True,[FIX] fixed bug introduced in 27cdf3d
d5a5fbb8ee87d4a8ae1c55f9ba72819251bb6fb7,syntheticpp/lyx,True,"Enhancements and bugfixes to the TOCs  * New TOC ""math-macro"". This means that math macros can now b"
1b4c9abf0281d183c62cd431ecf8c6ce77a912e8,shamuproject/mavtables,True,"Cleanup before merge.  Also, fix a bug introduced in 372de6d only effecting Clang."
37c6fe44e4839c226e9514887974f22fd86831e0,Subsurface-divelog/subsurface,True,Dive pictures: remove unnecessary check for no dives  This fixes a bug introduced in fbe1144eaf7e800
ea6f8bf214c3bb8b9089aee548b825f49ebb8201,AdrianVasiliu/delite,True,fix jshint errors introduced by 382adefbf810d33cf8da8fc5d15c0baee3b123bb
40d30153aed223b65b596dc7d3bf17573b04f3e9,qTox/qTox,True,fix(audio): fix error introduced in 67f2605971cf43093c72f811e4df90ab70544dd6
7fe770369f53b098abc8019e909d57003f785b94,chadversary/piglit,True,framework/shader_test.py: fix bug from commit 260f211d  This patch fixes a minor bug. An exception c
f9b644966919b6b2941ab07356166190a9e9c566,libvirt/libvirt-jenkins-ci,True,lcitool: Only install EPEL on CentOS  This fixes a bug introduced by commit 0a7993d3ed30 which cause
f748280b3a7af914ffff9419955515c9bbc3acf8,craftcms/cms,True,".* is a bit heavy-handed, apparently.  Fixed bugs introduced in 5e11e0766809808b776124645e5c827ba75c"
97183a3e00ab26e7556393d201879d04b45215e3,PmagPy/PmagPy,True,"resolve problem introduced at 7f18001a9f836ce5efeedaaca5ed477c605133a9, #378"
f55175ed0e17a5a4f50a32d9ad5cba5f486eb577,raphink/augeas,True,Grub: NFC fix whitespace errors introduced by 4e09d15  Kill tabs!
2c80ff7d7bab9e08892e8e7aaae68552e229ffd3,Frenzie/koreader,True,FileManagerHistory: remove harmful deletion code and turn it into a feature  Fixes the problem intro
9993df8d5eb7a1b1ae1a714c4805d178faac14fa,mongodb/docs,True,DOCS-153 add note about all config servers needing to be up on initial setup  also fix error (elided
a18d7a849543d9018c24cb8ae411becb414ad5ef,KiCad/kicad-source-mirror,True,Eeschema: fix a selection bug created in commit bec87864.  Apparently the schematic and symbol libra
1096303aaf6067cf6848374d9b93dfe6e047556b,bacchanalia/zuserm-home,True,install[Fcrondyn] fixed a bug introduced in c0a7ef730751eb4df5ac1a1b6afbdd7a08095022. I was calling 
c4c389aa146a8a4e6fb8cfe43ddeea537e9cb510,FFmpeg/FFmpeg,True,avcodec/apedec: fix bug introduced in commit d3e5fbb1406995e07fccbff3ca8c1e24f57a1f7b  Signed-off-by
271b0a362cadf44d0694628b9e213f54516ef913,emacsmirror/try,True,"Fix bug introduced by 2046f58  This should provide a fix for #3, and not effect the init.el file."
0903603971033536751ba40df98a3c39175d3189,openstack/cinder,True,Specify the conf file when creating a volume.  Updates the tgt-admin command to actually use the con
19574c266be6fcd18b272fa1ea800a55c1f6c95d,benspaulding/numbers.vim,True,Fixes an issue introduced in bbead6b5f.  There was an issue where NumbersOnOff was not always workin
ed238ba2a0239368dd0cec9bfaf3300a5bd303ce,akabaev/qemu-bsd-user,True,qdev-monitor: Fix check for full bus  Property bus has always been too screwed up to be really usabl
26ea7484ee8203e3f2985d3496980404d42435ae,structr/structr,True,Bugfix: Correctly respects configuration switch `application.filesystem.unique.paths` when renaming 
95c6cee0e181e3115d65143e75fa940bac7806fc,hearsayit/HearsayRequireJSBundle,True,"Correct Assetic base URL was never being used, fixes bug introduced by 51748ca"
3f5719fb46eca1cb288def39679745fa1fcd339c,NaohiroTamura/incubator-openwhisk-deploy-kube,True,build fix: Travis deploy step must be a single script (#125)  Fix bug introduced in 9f8e75d7 -- didn
0f942662cf22c39978aec833670d41652340d00b,l1m5/hosts,True,"Resolves infinite loop error introduced in 997606b. Whether you entered yes or no to the ""more entri"
93235fe6a554a247d97752204bfc3f7ade11a281,clips/pattern,True,Fix issue with bias component in _v() (pattern.text)  This fixes a bug introduced in dc855341aadea1e
0a09bf5faeb30b675fdb8f517c61166ef794bad3,openstack/nova,True,Specify the conf file when creating a volume.  Updates the tgt-admin command to actually use the con
59fc95f688accb33883ef6fb8ea75cf23b8aaa1e,nwjs/chromium.src,True,Remove extraneous base::debug::DumpWithoutCrashing call.  This is needed to fix the compile error in
9621e0ba294c9cc6d458bbf632e63e92fda71e10,behdad/harfbuzz,True,[Indic] Fix bug introduced in 8b217f5ac54aa0dcbba2dd6d59aa89dde33e56c2  Was breaking reph formation 
cfe4b5c4aaa0d86f9d98095515ae6582a053cc47,erlang/otp,True,erts: Fix emasculation of binaries in port_control  This fixes a bug introduced in 3671dd2d
608d90117ff950cce0e21c710fedeeb55a3d4963,xiph/daala,True,Fix typo in pvq.c  This fixes an issue that was introduced in commit f1a9307c8752883e8692476de72a0e1
23187ade6075e88e9212acef7c829a319f0a39dc,qt/qtbase,True,Fix open/chmod race condition in QSaveFile  This fixes a problem introduced in a60571b3700e80f44705e
d0870c714f6c84b6cd3095df761ccda6064fa047,wonzhq/ceph,True,os/newstore:close fd after writting with O_DIRECT  fix bug in 2b4c60e0a521ad10b94bbc82865b49f2d28c2a
59e38caac1622aa37a11c7f27f88ba48f0b8f461,mozilla/fxa-content-server,True,Fix the JSHint errors introduced in 11be9bbe396e975c2aa4303e6652fe104e39684f  fixes #219
f0d22815c8dd5f93322219805b24bbbeeb488fc2,collie/sheepdog,True,vditest: fix vdisize handling  This fixes a bug introduced by commit 0b37b3.  'qemu-io -c length' re
cd9c53c3028c43dd31adb57030cbf0cc6e371d8c,gblanco92/IntegralClosureDim2,True,fixing again the bug from 7b41c24
5cfacab3dd59b151a5dc265b7f105c3d59ea7b08,UniTime/unitime,True,Instructor Detail: Class Assignments  - fixed an ArrayIndexOutOfBoundsException thrown when the inst
ad89201c82b06758ef7f795c224fd710800e9f2e,wikimedia/pywikibot-core,True,Bug 64495: coordinate_import.py: import exception  import the new exception CoordinateGlobeUnknownEx
f79f31710f5dafff5fc009116d1d355a41c397fa,devsnd/cherrymusic,True,fixed error introduced in 066a99f974f4c253f83ed97f1f119a3f4ed243f7
2b72714253b9430b9cd579fdc7e75b953bf8da85,Katello/katello,True,i18n - fixing merge issue introduced by 2cee9ef0d7ee53
714bcc5dc641c210715a9a55d8d90cedd02edfcd,Bioconductor/Rsamtools,True,fix bug introduced by 306684d
4cd3c56765485eddfc3be8484519053a79e4ee44,akiss77/cargo,True,"Do not skip the root path if it's a dotdir  When traversing the directory tree, cargo will omit path"
bfae1d4ea6d04fbbedc72aad85470d20b1577ecc,mozilla/zamboni,True,fix install button in Reviewer Tools (bug from 6cdcfcd)
c5723530cb4b538072fc67be5467dc49a1f37b25,autotest/autotest,True,installation_support/autotest-database-turnkey: fix issue introduced on 69db963  Correct name of var
0f2cc5c6bbc7c6cdbef50c4522b9d2d7418a3c2e,danhammer/pif-updates,True,"fixed comma issue, introduced by 7dfa471d5d426d0140f0dd417f3c2cc6edd051e8"
fc8349b7a156de50fc4b35c73ce966f1616665da,mvantellingen/localshop,True,Fix project root in settings  This fixes a bug introduced when refactoring settings in 4c4d6fb1e1143
cee5542ed24f4c31e96803dc5bc9d397cb80e4b2,lewang/helm-cmd-t,True,fix error when helm-cmd-t-default-repo is nil  - bug introduced in 4cf66541  fixes #3
60cd2df8885ae864cb356902e7f7cdd82f0a3eee,OpenTechStrategies/swoptact,True,Update sample data.  Correct sample data (now that a participant address has been returned to a fore
5029a8bcf9cd9fbc1e5e2ff6b79433b9ffb5c856,emacsmirror/org,True,fix dvipng latex export with Transparent background  * org.el (org-create-formula-image-with-dvipng)
805881c9fb1a517b46e00acfd2f83b6cb5e92e52,nrc-cnrc/EGSnrc,True,Fix #257: rest mass used before it is set in HATCH  Initialize prm (precise rest mass) in the COMIN/
27d4d10a3ed3a4d87941247ed73bcb67c68b2bb9,miniupnp/miniupnp,True,miniupnpd/miniupnpd.c: fix PCP third party mode (in IPv4)  fixes problem introduced in commit 16389f
1ae847d15b1aac3dc9c280749b86a408ff89687e,piCorePlayer/slimserver-vendor,True,BUGFIX: DBD-SQLite run test disable  This fixes a bug introduced in a5fc339932dd0c05bab8f81ee3f1dfa1
c672529e6fc8fcb9a913b927c37d8efd79bf0937,php1ic/inch,True,"Introduced a bug in commit e830948a, fix it.  Some isotpes have a negative value of mass-excess. Mov"
e41bb532eede8dc5562c6070e31a98a90f16d2be,heldergg/webpymail,True,"Use EXISTS to get the mailbox message number  If the search program is ""ALL"", the EXISTS untagged re"
44012ae879e809ad1f75e6c69712619cefaa4add,teknoraver/ppp,True,"plugins/rp-pppoe: Fix compile errors  This fixes compile errors introduced in commit fcb076c (""Vario"
810d9599355345faeaf332bb3b4a02dedb808e83,anathema/anathema,True,Fixes problem with properties introduced in 68f210 Discovered while fixing #296
dac493fb92807e96db54d47edb2dd88b6ec182e4,ssilverman/arduino-esp32,True,SPI: Fix discarded-qalifiers warning when compiling with all warnings (#3458)  * SPI: Fix discarded-
bd31281f1e134c453ae451800fce3261adc0b45b,digitalcrab/restic,True,prune: Fix newly created index  This fixes a bug introduced in c79fb6fcdd254382705753957bd299472696a
de2fb97f15ac98aa1d1c5533aacca378334f4778,garazdawi/otp,True,Fix handling of broken symlinks in filelib  This fixes a bug introduced in f11aabdc9fec593c31e6c4f3f
5fe34864ff93b9010890b7ac8ba04cbebbab0123,Tinob/Ishiiruka,True,fix for some issues introduced in bbccbe938486cb954bc13f0935610abdc5885f45
c5d8ca5ec51ee188c8e80b3aa3a2e28fa5e31f2d,rmp2917/fpp,True,[Sequence] Clear sequence data at close instead of open.  This should fix an issue with effects blin
44d1f87136782e6441b77f3c801b020ec678d767,jondot/sneakers,True,Maxretry: use queue durability setting from new name opts[:queue_options][:durable]  This fixes a pr
397c60668aa5ae7130b5ad4e73870d7b8a787085,rjwysocki/linux-pm,True,staging: zram: fix invalid memory references during disk write  Fixes a bug introduced by commit c8f
fc51bb3dc50020bd8b5ddcb5577c28c718cdf467,brendancsmith/optimal-buy-gdax,True,"Fix bug introduced by e96c64, fix rounding errors."
71d3ea8062d9613202aa5f55ac8edc26e6e56621,01org/gbs,True,submit packaging files to OBS  This fix a bug introduced by bc4fa71d9d5935f8c44505ee538f7135cfefa44c
b744f423614898c1084d5a8b48b9c54de2a7f570,ceph/teuthology,True,radosgw-admin: Bug fixes for issue 4251.  Fixes errors introduced by d44fb14762c3d7e2853a8e4be012cd8
ce9f30105f06712c67be3c5c8dd814182d2b8b44,lemenkov/rtplib,True,Fix SAS base32 codec  This fixes issues introduced in commit b2e073c422729ed7807ffcc42012df38ba4b7b7
1160fcfe3d97644a6bcfa9ee687fd7dfca58e812,kamenim/samba,True,vfs_streams_xattr: fix check with samba_private_attr_name()  We want to check with samba_private_att
5c396185752434b7f7b687e8c86c73ea888337b2,InfernoEmbedded/owfs,True,fixed a problem with gcc<7.1 and clang introduced by commit c44db863a324bff4608639981ca05f73b43ab275
9965173d33cd0b7b87aa900a6070436528b8f0c0,D-Programming-Language/phobos,True,Remove duplicate ArchiveMember.madeVersion() property.  This fixes a build-breaking issue introduced
da71e0ad621e9101226e0ec1deeef53b4a3d54d5,snarfed/ownyourcheckin,True,fix silly bug introduced by 245bb00f814f8c5d84a72e19773c4adda92c8d0e  moral of the story: everything
8dbb1fe9be114272234a6e59d7702bb1858a662c,dimitri/pgloader,True,"Fix bug introduced in f263d1b2a41b8040967a5c5d03351f79beb63d22, fix #124."
b723b90dcb7576904bd11d99e1dd0d7b397baca6,unshiftio/url-parse,True,[fix] Fix a bug introduced in 9cb3c40  Closes #15
9f7ff8931e3c5ddc8535476971ec9501e9555c05,linux-sunxi/linux-sunxi,True,"perf/x86: Fix RAPL rdmsrl_safe() usage  This patch fixes a bug introduced by:    24223657806a (""perf"
0185cbfa627eb7478dc0c078fb3e7eb4f757f270,SeisSol/SeisSol,True,(hopefully) fix bug introduced in 8660b43f30563b41a560a5939fd07971df283b7a.  Patch not extensively t
5378605824c4d55f78fbacb706308211b305ba64,nysenate/Employee-Self-Service,True,Add a custom view for the supply SFMS sync process  Adds a new requisition view to be used specifica
4b2a1d444271081338acf1e25825e48a4e5c3670,malarzm/mongodb-odm,True,Application::setHelperSet() must be called before addCommands()  Application::add() calls Command::s
501c50fcea8b644a7aeb292458e7b2fb86a994a4,wesnoth/wesnoth,True,Default Map Generator: some refactoring to fix issues with map generation introduced in 0d07c1a8151b
f23a9d127d6de31a431b93c999b5db835dd61d10,lumannnn/AudioRacer,True,fix build error introduced in 91aca37
44a6607dcceede5879fa3988d80ca40592f45917,crimsonthunder/Crystal_Kernel_OP6T,True,net: lan78xx: fix rx handling before first packet is send  [ Upstream commit 136f55f660192ce04af0916
0bf6a24c3c4bb6cf1118fdff726d32585bee98fb,jmikola/AutoLogin,True,Don't call non-existent Request::has() method in AutoLoginListener  This fixes a bug introduced in 7
3c7393c6a36ef799a9d5c85e1674f6c369f9f9a5,jcs/lobsters,True,give tedu his karma back  fix bug introduced in 3757b279 that gave comment vote karma to the voter r
622bd8ece3f4a51256db22f75aaa6606ad6b9387,h-kataria/manageiq,True,"fixed repository summary screen.  Fixed error while trying to access repository summary screen, this"
252e6532035fdd69b36c851099fdc6a550e9a764,McStasMcXtrace/McCode,True,fix bugs introduced by be71172
e541a1dd199542b0ec4bb37da6a9829061defebe,emacsmirror/org,True,"fix a stray ""user-error"" introduced in bd89d6a02f  * lisp/org-table.el (org-table-eval-formula): The"
596264082f10dd4a567c43d4526b2f54ac5520bc,torvalds/linux,True,HID: Fix logitech-dj: missing Unifying device issue  This patch fixes an issue introduced after comm
fe15cae923078bdc0a4e414ed0d36c14c10bff48,fossfreedom/coverart-browser,True,Bugfix: bug introduced on 4ac690f4 would break individual cover search feature
374b6b04eb7950099a342305faf00496534d130d,PmagPy/PmagPy,True,fix namespace error in Demag GUI introduced by 47f2e46
50ba73cbf4cc7174ea64c589d7fa5552b4c70d4c,wxWidgets/wxWidgets,True,Fix using unknown selector in Mac wxDataViewCtrl code  Don't call -[NSCell setTextColor:] unless it 
32dfd641567fd0e2e0d658dc8f4e5a68bef7dedf,drshawnkwang/boinc,True,Mac GFX Library: fix bugs introduced in commit baac677 when rendering some graphics apps. Project gr
91f4472195b8a5501227e57b09a8de7f68829cde,LANL-Bioinformatics/EDGE,True,fix output page error introdue by commit 546db57be13fbbf59aada617f362f36359b7c955
41b0d49c81faf74cec89bb628ecaf9b6f8da17ef,noahwilliamsson/misc,True,Keep additional timestamps out of the log text by only printing them to the console - also fixes an 
d29ea97948f56025e05b766e8b64382447c804e0,vr100/github-api,True,Fix org.getMembers() to 'wrap' returned users for post-populating  This fixes an issue introduced wi
6409fd937aa0a1f5e6a9ea5af77045213b2a800e,tulip-control/tulip-control,True,bugfix: check_convex when taking union in discretize  introduced in 0def035a65b0409865440449c97d463a
99c319e03a0f08d87bdff95dc0578672fbe89961,odoo/odoo,True,"[FIX] account: deadlock on install  - When installing an accounting l10n module, the method `try_loa"
9f60aeaced0c4dc50b668bbf4d4a9c8472283c71,SlimRoms/kernel_htc_flounder,True,staging: zram: fix invalid memory references during disk write  (cherry pick from commit 397c60668aa
a0d74745798fc53375b217811249b5843bb660fb,cozy/cozy-konnector-bouyguestelecom,True,publish: fix: upgraded cozy-konnector-libs to fix a linkBankOperation problem  generated from commit
32fee956cb4d8a57cbfd041a75e48c91a124fd78,tdaede/rav1e,True,Fix IVF file writer bug.  This patch fixes a bug introduced in 9eecb5ca where only the IVF header  i
ec97d37e9e8d01855465e3fafc9aab64e6d69a25,cozy/cozy-konnector-sfrmobile,True,publish: fix: upgraded cozy-konnector-libs to fix a linkBankOperation problem  generated from commit
d37044647f83f53a1cb711ea4655b944ff4af0e5,FFmpeg/FFmpeg,True,file: set the return value type for lseek to off_t  fixes a bug introduced with 4ed5ac50d3e4f921003e
1d49520a6c4c6d7d45e21717e35b8845815b0094,hknutzen/Netspoc-Approve,True,Fixed compare of non existant (outgoing) ACLs.  Compare wrongly reported differences for ACLs all th
90cd064713dfcf5c82be07742f7377c83ea0a4f2,mongodb/mongo,True,SERVER-20646 libasync_results_merger needs to depend on libcoreshard  Fixes an issue introduced in 1
ea4ecfe03472ddb8cb86e5d20708b485d04488e9,w3c/wptrunner,True,Test for self.result_data in ServoTestharnessExecutor.  This fixes a bug introduced by 291fa69beeda5
cd90653fe3275621c2d8311175c49b9638c4d908,benoitc/gunicorn,True,fix non django application loading  fix error introduced in 423e203db944ea5b250e2816cbeb9c4741cc736f
8060afd77cfcdda0c6e83b0674343772793c1abe,ceph/ceph,True,MOSDMap: reencode maps if target doesn't have OSDMAP_ENC  Reencode both full and incremental maps if
dda851f05309eb130552678834cfa6420cd94f8e,OpenMS/OpenMS,True,[FIX] fixed bug that lead to omission of 'unassigned peptides' when converting Mascot results to idX
dae2cd608e9a0a52a7ec12d3d535ccb9000d0bcb,osTicket/osTicket-1.8,True,rfc822: Fix validation bug introduced in f99ca0c4  Also add several lint fixes for packaging
ba636950960c0242345293fb2635e28f2e4f3412,xbmc/xbmc,True,[fix] check active window before delegating player action handling - fixes problem introduced in 876
ca76355e1773e0efa19bcd9649b6c84cb45ba5c6,olebowle/STM32_IRMP,True,fix bug introduced by 0f2f84d
1a0605bf52ab4d02ec80c78c50e9dd7dcac57e19,wikimedia/operations-puppet,True,Split interface-rps script File resources to class  The interface-rps script file resource would cau
c32b34ff04af504dbb46811dcd45f15598bab815,dedan/DrosCalciumAnalyse,True,fix a bug introduced in cdb1bfc4915dc9e464e
b42a008557ed575c1defae332a30b59918695237,dguzek/Simply-Love-SM5,True,fix error with HideCombo  Sometimes fewer Actors isn't better.  This fixes a bug introduced in 55a88
281c2843cd30494d1db1ad9a0e9db294cea189d7,GerritCodeReview/plugins_events-log,True,Fix index creation when using MySQL  This commit fixes a MySQL-related bug introduced on July 13 as 
8bc4b77e3960880c83e93dc9320efafc544ebcd4,dit/dit,True,Fix issue with copy() not setting _meta.  This fixes a bug introduced in 6d10da1b4f.
ca8a1c49eff59a07fefadb40d5bd60b4eee73605,ananthakumaran/tide,True,fix bug introduced by fd1bf7f4
855a3f8475b7b7164e20cacd9043ace6a16939ce,fhoefling/halmd,True,move luaponte submodule to where luabind was before  The submodule has to point to the same commit 9
fa09396aecb74619122909fcf76144e8e525a625,dspace-ng/dspace-app-action-slim,True,fixed synex error introduced in f64cfdf
9b42c4315cbfd5e759da0e02b66eedbf71da18f1,missirol/cmstkmodlab,True,[common] bugfix in ConradModel (introduced in 6e48ec4)
8e781688b4144d4995db2f5af77fbfd1fd41dbf5,FluidTYPO3/vhs,True,[BUGFIX] Use created rendering context for rendering stack  This fixes a bug introduced by f8d0d0b
0c7e064a6fc44d1b481abfd62708ba0b42d6e5a7,volatilityfoundation/volatility,True,refs #251 fix psxview plugin error (introduced yesterday with 29ce6cf1a15372c6e7b73a1629ea1f58a531a5
255cfc09720e3d906586abfb50a42571e66ab110,polyglot-compiler/polyglot,True,fixing a bug introduced in e4403c131f5615bfd27a224c777bab7fcf77a2e8
d4b19939970988390481de0e3761d05803bdd17e,palantir/atlasdb,True,generated table code fixes  fixed problems introduced with a poor merge of 648864118d17e15f7278ab2c1
b771dce7a7671cbfe858861ee37ea9616938919f,claytondus/netsniff-ng,True,"build: fix syntax error when detecting SHELL make variable  Fix the shell syntax error, introduced i"
e6984f84d53115810e7936b8ee240b3a67789e56,openafs/openafs,True,volser: fix spurious strcat of volume extension.  Fix malformed merge error left over from commit 4f
6da4cd09c0919ec8b0307ead3f149aa31c85f4c5,jrmhaig/daemons,True,fixes issue #22 introduced by 70f69a7 which doesn't asign pid when running Daemons.call
6d68a779beae2fa13b6996034bcd8d2ea5720351,aperiodic/quil,True,Bugfix for bezier-vertex arity 6  This bug was previously fixed by commit d0312f0f and was re-introd
87d2d3cd818b448eac1d3451a9d3d9deb970c70b,commsy/commsy,True,"2417: fix a bug introduced in d4cc1cb where results for ""created/modified until"" searches via the se"
29036d10e5a893bcf80ac2793a7f24728fbdc5eb,plumed/plumed2,True,Fix  I hopefully fixed a bug introduced in 58df0c3dd549fd7dd88991c6565dcbf141da4d9c
ef8201f00afc6a96f700b6e8d0165f4df4527364,mangband/mangband,True,"Address #1305, fix bug introduced in 09395629810a4b5f010b8e.  When MAX_MSG is increased an appropria"
76fd6478aa1f41989be3632486ee23df2886e657,cmassiot/upipe,True,"upipe_avcdec: fix audio, add audio pts  Fix audio bug introduced in 9683efc4, add pts code for audio"
a34e7bab832b73d9ea73cdae95f4d0f7baf6dee9,graemeg/tiopf,True,"mediators: fix a bug introduced by be194c1d.  We called Update() when FModel = nil, which doesn't ma"
1c9619085895b9ec20827e3198af1e95bd896e25,buschtoens/ember-route-task-helper,True,style: fix linter errors introduced by 5880ac4
19195696338b9a63fcc5ca42d8238cbe54e2afc2,zagor/curlfork,True,man pages: fix example syntax errors  follow-up to 5ddad099b42b50
b3d9e0b94ea73c68ef4169ec82c898ce59a4e30a,bminor/musl,True,fix multiple validation issues in dns response label parsing  Due to an error introduced in commit f
c134f72060607be6caa622200c8930211a6e7e91,qt/qtlocation,True,Fix using the wrong type in MapPolygon setGeoShape  This patch fixes a bug introduced in e7bb8f63608
84d03122e4e97d55a737e28c06e7cfd0df90b17a,rezib/cloubed,True,fix spelling errors introduced with ff78d1d3
c1588d357677b11622402a3e6a114a642085d97b,cher-nov/UniPack,True,Ability to set pipeline to the empty files. This fixes bug with writing files from archives with emp
92a3dfd2ec94be7c241b65050c56b17e8eed1a68,tiborsimko/invenio,True,BibSched: problem parsing task CLI options  * Fixes an issue introduced in 9369361849c6a21fec164fb10
c4e817735550ab672dcf77cb184dfe7c97034fc7,elixir-lang/elixir,True,Fix 'elixir -v' to display Erlang :system_version info  It fixes a bug accidentally introduced in 8b
a1208fb4a942c21f5cfd0fa2856d69a53522de74,facebook/hhvm,True,Moved UserFile casting error back to sock_array_to_fd_set().  Summary: Moved UserFile's fd casting e
9b46d114e094be3af0d2ee9b4e13882a3ac97655,TrinityCore/TrinityCore,True,DB/SAI: fix db errors introduced in 9c6e12b. (cherry picked from commit d96968ea063722134c10fb534cc0
4281c91aa30f20082c09375f57cc9899ba3abb2f,joschabach/micropsi2,True,fix coordinates-error introduced in `ff055c5f`
7580fe65c4caaa057d8ea6479a91fbb0f859ec90,lizardfs/lizardfs,True,main: Fix wrong message when terminating takes a lot of time  When a daemon needs a lot of time to e
3f371dded0b19dba24e0287786fc615cfe3624cd,pgjones/flake8-import-order,True,Fix module ordering case sensitivity  Both Google and Smarkets sytle should ignore the case of the m
41a0dfcd97ade7b14625986df6c96876c5ec9071,nodejs/node,True,src: properly manage timer in cares ChannelWrap  This fixes a bug introduced in 727b2911eca9f00cb7fa
eccfd827e0688ade3944fbba6b9316d13d0e49bb,balister/meta-sdr,True,gnuradio: fixed building with qtgui4 enabled  For successfully building gnuradio with qtgui4 enabled
ead5e026b964905cf96a0035c7f2bbaabaa46e5d,driftyco/ionic,True,fix(radioButtons): Correcting a bug introduced by 521164db786a0b836b5b8149816f50da55c6a82a. Closes #
a5033dd7facaec3cd8d0d129b1f457a2f55f6d7e,buildroot/buildroot,True,"binutils: fix makeinfo related issue  The latest version of binutils, 2.27, added in commit b700157d"
e0486c937178981585d45b65b359f488ed96c06d,torproject/tor,True,"Make hidden services always check for failed intro point connections  Previously, they would stop ch"
edfa5345c2ea879c4e30924440d6f7fd7f9ea58e,karma-runner/karma-mocha,True,fix: config does not have to be defined  This is a fix for bug introduced in 9bdcae24f98cdcee51ed0fb
24df4b588cf274d478e8c2d4823ccf39bc4c0921,luoq/julia,True,fix problem introduced by 764098f251a8e6bdccaae42bd8386f596757d2ee when we try to box the result of 
40f6b705fba2bd88805812cb8c6687e3a7ac7d79,nielsboogaard/home,True,fix: major bugfix that caused a ping flood to the SysAP (introduced in 0082e78de074a51d3021df341becc
40834135d54fd56872c56db89cbafb512e082426,SchizoDuckie/DuckieTV,True,fix bug introduced by 67c1e70d457c131b6b6e938056481ee4824fabf3 for #916  fetching from the details p
2eead6b3b73f68b5aba508b31fffc562386a603a,okfn/dataexplorer,True,"[load,bugfix][s]: fix for file loading bug introduced in 201e3918c7982ac3231133d67bb2e847f87d6773."
0fce350e3f28d2246c00995e56c824102ccfd958,cheshire3/archiveshub,True,fix Editor titleproper charset bug  Fix bug with `<titleproper>` encoding introduced in 414ef4cf
863bca7110f075c16b458c7bd67645ac63fd0d93,jainkuniya/zulip-mobile,True,persist-migrate: Don't run old migrations on first install.  It turns out that `redux-persist-migrat
2e5ec58ed06eb838c1a2c7d209a3e243a7530711,Grauniad/elf-2-link,True,Bug in Binary Reader  The position objects returned by the reader object should point back to the re
36d34e2535856c1199346a7f6bff7be3caf50f28,aexmod-tmp/kernel_oneplus_sdm845,True,"sched/deadline: Fix switching to -deadline  Fix a bug introduced in:    72f9f3fdc928 (""sched/deadlin"
4f70d83089bb1fea3cda9aa050e5bbd7f3768734,bminor/mesa-mesa,True,r600g/compute: solve a bug introduced by 2e01b8b440c1402c88a2755d89f40292e1f36ce5  That commit made 
a72f268056499ee0738b8a442b667104044fca5b,Perl/perl5,True,fix pod error introduced in 65c4791f
d253a45e1c147f5174265d71d7419da7bd52a88b,systemd/systemd,True,core/mount: make mount_setup_existing_unit() not drop MOUNT_PROC_JUST_MOUNTED flag from units  This 
0f616517e1f24a270b4599b04e16f21f7137d77e,bitcoin/bitcoin,True,Fix ignoring tx data requests when fPauseSend is set on a peer  This resolves a bug introduced in 66
c59d55418d6f4e82a91cb42d6e6e0189c366abeb,ajaxorg/ace,True,fix for setKeyboardHandler bug introduced in 8634f26
d67864185cf5a8f38b45e56f942fac8cd2dfa1f3,diabonas/tpm2-tss,True,build: Fix breakage in generated configure script when CFLAGS is set.  This fixes a bug introduced i
b33defbfea286eb9e44135ff8efb907934e31dfa,ARM-software/workload-automation,True,"framework/workload: fix ""no matching package"" error  Fix an issue introduced by commit 42fb3eb  	fra"
1ce810f9abc0db10037c88dfb60cf5e4c7656268,emacsmirror/org,True,ox-koma-letter: fix bug introduced in 304a5cb  * ox-koma-letter.el (org-koma-letter-template): Handl
722265a27976e276801185ea6d6968007053d082,claudioandre-br/JtR-CI,True,maint: fix an awful bug in how I use '-enable-simd'  Introduced by f0b4bff8771b60a3ba872d4f3307a7a9e
c45960b3fafc0bb89d8e94ddb9cf8c70d035ea46,thinkaurelius/titan,True,Fix Hadoop config namespace refs  This commit fixes a bug introduced by fab0f61a025f824f76980d54c3aa
72c6c4b892b6d1b483e95eeb01589d3334059535,mono/monodevelop,True,[Ide] Don't wait for the typesystem to finish parsing to load a solution  This fixes an issue introd
c6daaba10c564d9c4d2fd466fb8b0fa6ebe1ce3c,olt/mapproxy,True,fixed bug in tile origin compatibility calculations (introduced with 7e58eee)
4f20a2af7f781c15ea5f91a881b36cc93607721a,max1s/CRNSynthesis,True,fix stupid min/max bug in a2790f
15d6070ad639b695b0abeef7474bc59a316017ac,benpicco/RIOT,True,fix bug introduced by 7cef6c46552a988c1c710a0a2404316a27ef1d43 stack_start used to be stack_start + 
860059293beec88b1c0b7074bc7db324bf90b4f8,typesafehub/scala-ide-product,True,Fixed bug introduced by #eb732c37a2d43ac41f762b8d3e7d7d54d7486141.  The path to the Scala IDE reposi
d9e943e519a175932d073b7d206a20b822111944,marcliberatore/leiningen,True,fix error in test introduced in 43581e2
ebd891ccc447cce70524c65987b4fb2a55579b50,medusa-project/PearTree,True,"Uncomment setup(), fixing a bug introduced in 912c349c2daf0b9ea8ac2fbf7c004efe1f46c0ad"
6c3285dd90b0e8de1cf46acfd95daa8bfcb59586,smrealms/smr,True,newsletter_send_processing.php: fix reply-tos  Fix a bug introduced in 954b89bd77f where the reply-t
d20222a415d8cf68a922a4d9d23f0643803488ee,munin-monitoring/munin,True,html: fix bug introduced by 1aec747c10  Commit 1aec747c10f0d5077842294ca351b918b77fb1e9 failed to ad
9c270ddc81ad9798cc5eb4a45f40950cb2a053b1,analogdevicesinc/linux,True,iio: Fix kfifo checks in iio_kfifo_remove_from  This patch resolves a bug introduced in c559afbfb08c
41057a7eef9da9d77cde46d336a7f8a19564d7f8,markfasheh/ocfs2-tools,True,"debugfs.ocfs2: Fix a bug in process_open_args()  In process_open_args(), 'dev' get the wrong value b"
d6b88831b77af7542d1e14e137308e8f096222ed,NRGI/resourceprojects.org-frontend,True,Updates payment table on Country page  Puts data in correct columns - fixing problem introduced in 6
32e8dfcd494242b4ae2ae00824273d6ace0fe251,Unidata/IDV,True,fixing a yr old bug from 0a3fa76 2011-11-02
461df7253180d874ba22f87e4c70a112ab50ca02,lizardfs/lizardfs,True,metarestore: Fix uncaught exceptions when applying changelogs  When metarestore is applying changelo
23a3647bc4f93bac3776c66dc2c7f7f68b3cd662,PKRoma/linux,True,"ip_tunnels: Use skb-len to PMTU check.  In path mtu check, ip header total length works for gre devi"
6e3da3c147892923ca8b3f09a2aa89ab9353faf4,smrealms/smr,True,"account_edit.php: fix searching with no account ID  Fix a bug introduced in cd34fdd0625, which resul"
50778eb40d69476eff98c8795115ca4436fb6365,apache/mynewt-newt,True,newt - Fix `target set syscfg`  This fixes a bug introduced by b2222ac22e3969863f7d3743920472f6e962f
4634e036d0bb7aa4e1e7bed62ff59839451cb39e,GameOfLife/Unit-Lib,True,Udef:loadSynthDef fix bug introduced by f20c46bac400413bc46733aedbc9c0b8f75bf8a8
5c70e2a1b3beae7222580c01e2cbac1685a03903,mirage/mini-os,True,Mini-OS: netfront: fix off-by-one error introduced in 7c8f3483  7c8f3483 introduced a break within a
146b49029d82e6ad92ac36ef66fe14d5c4c998e0,MythTV/mythtv,True,MythArchive: fix a filename quoted twice bug introduced in b85f5bba72  Fixes #10071.
58e5b7fa4c2f2a26c2dbf9a5fd3140356d0d567c,rideconnection/lowdown,True,Flex Reports: Fix overcounting of turndowns  This fixes a new bug introduced in 2ad823919c7a934ff2e5
33427121ec1d09270f56c3d853706772b99638fe,scrooloose/syntastic,True,fix a bug introduced in 60a3588d308cf067aacc84c6d87e4fa6aecb781d  Two different calculations were in
3affb85a85b18d625b4b4dd9169e369d45266678,drzax/wp-footnotes,True,Bug fixes for tooltips.js  - Fix regression introduced in 022dbb5 - Fix bug where multiple quick suc
a288bebbcec0b16e1ced09a601de5ffbb6b1bbe0,LibreOffice/core,True,resolved fdo#79978 propagate error through DoubleArray of matrix  Regression introduced with 83f77ab
65f05b3d98536f9af123e0ec8b38fc0565cacb23,dnouri/deform,True,Fix typo  Introduced in   5b5f89a fix error of zipped subsequence with py3.
be863c0d6261e3f2ee083e08e3fd5d7c4601d194,huntxu/fuel-library,True,ceph: fix error introduced by commit 5d31bf634  Signed-off-by: huntxu <mhuntxu@gmail.com>
5a10634f12b42619471530d875fe77157024ce7e,burlito/RTMPsnoop,True,minor bug fix  Fixed bug Which I introduced in 76d06fc9914c2ff1018534fda0e30a76299a5264
685112981b32686d853f3183fa3d5badacfecae5,PierreRaybaut/guiqwt,True,Fixed bug introduced when fixing Issue #24 (commit 851d1950ae9d319e19075f81a1cafde1ad077b4f)  Image 
dede96e463d7dff4085286898a7e8762aac71455,bittorf/kalua,True,kalua: olsr: check_plausi: bugfix: logic-error introduced with ecfda5bae1be2ff1bbd33caaa4553e8d237ba
ccc9705015ab95056f30aa3c512aefacae17a446,bonaime/seedlink_plotter,True,fixing a bug introduced in 1ea0ec3f and also use correct start/end time for event requests in case o
ff09969640ffdbb7b606f146cd4b3577ca6af8b2,gabemarshall/Brosec,True,Hotfix for bug introduced in addfba1
c21b5e4408387e52e1f1486a2489ff2ab2d22138,Incubaid/arakoon,True,"throw TLogUnexcpectedEndOfFile when reaching the end of the tlog unexpectedly, and treat as a TLogCh"
1436314caec6482eaf27a0e747dd3dff545e7b1c,pFernbach/hpp-rbprm,True,[contact-generation] fix an error introduced in 5a25035 : correctly take the extraDof from planning 
139554578c38ad5cc5ea8c0508d53357f565092d,arcan1s/awesome-widgets,True,fix bug introduced by 5c474e822bdb3a603fb322aca75e8a5f612da1b8  No conversion has been applied for t
94260dd91892d97dd00b7c0efbc19c9175536e86,jnjackins/fs,True,fossil: fix bugs introduced in 0b281a2e42
8e39e6650d7317110b8877b2de55f29071329a87,miguel-negrao/supercollider,True,SendReply: fix memory-free bug introduced in de70eb6 (fixes: 841)
678d7d39796fc698dbb5b333d04aa2f61b99eb43,LSTS/dune,True,Transports/UAN: fixed a bug introduced in commit 67688cf that resulted in sending a second zeroed ac
948a7fd242a28e61e454f62001716af2c9d614b0,ollie314/git,True,"t5305: use ""git -C""  This test unpacks objects into a separate repository, and accesses it by settin"
fb92647f50a3edcd0eedaa3bf2b6fa960fa199a0,edoapra/simint-generator,True,fix for bug introduced in bc83ddd8eeb3f9cea459e1ef18c100205d39a858: set shell.screen_max to large va
684a2a4418a74fc363e4c6eaf731a2aebace6384,Marty-D/Pokemon-Showdown,True,"Fix more bugs with Protean - Fix an issue introduced in 6539521adc, where Protean didn't activate if"
36c1849fee9b720408aea0eb1be9bd7e43444e5d,scottdyer/aces-dev,True,fix some bugs lingering from commit 238706b5f6e610cfab09a6af36a307e20af29cb7
35ea6f26e1d0287401705ec39a884575186b70d9,eventum/eventum,True,fix bug not able to edit notificaiton options  bug created in 8a084c57cd7ad5cd3944cbe169826475b2bced
3220fed16d7bf26fb31c704f14869a01ea1cb017,robinhellen/vldraw,True,fix the bug introduced in 9c24f391b26c674fc8686f6f41a914bf60d6e65a.
0fdf76dcf7dc4bbbb6061053d49bdfca010bbcd9,rattoma/dynare,True,preprocessor: fix bug introduced in eb2890d1f58f2285306821c85fa631b865fb80b6
17cb3f6e6a9d0fa3eca56495545edebcb7fb1364,grafana/grafana,True,"fix: graph fix for decimals, bug introduced by #61313478063b0e0721f204847f3c0298ea8f593f"
c5093a3d40a5face30718717de7e342a747d5c3e,sweetiepiggy/Raspberry-Bus-Malaysia,True,fixed bug introduced by 4d0dd028923c2a655f793f0db6  app crashed if orientation changed while syncing
0e882cc4944bdd6305cafd5d2c05a063c7f873d7,UniTime/unitime,True,iCalendar Exports  - ensure that the exported dates are in the local timezone - this fixes the issue
5bdbc8038a7bf3c1b11a3cb73a4829dabe9f66e4,cfinucane/LTLMoP,True,"fix bug, introduced by f201f96247cf0, where spec comments would not properly be saved"
4a18aa0c5b96015a45ae9dc7aa4dd70fc0b76a0f,barthisius/dopey,True,fix error introduced in d48524fff7
d4d34070c74261d749a74c1990c7e6ecf7b500bb,natebosch/vim-lsc,True,"Fix the response path for messages (#189)  Fixes #188  This fixes a bug introduced in b0b0631474a5"
9b2f79c153533e6bd9d38b1d6e01f71e9d0c38f3,rana/ora,True,fix Slice errors introduced by 6dd783f2
87904109ca7e2557ebe8c28c55dc9d6baeca924b,huanghongxun/HMCL,True,"[TransitionHandler]Set mouseTransparent of the whole view , fix bug introduced in 3fb5048f103ed958bd"
e40872fc538f3216fd4d00aa969785b999a357bf,ssahani/systemd,True,path-util: fix breakage in path_is_mount_point  This fixes 2 problems introduced by 6feeeab0bc:  1) 
b4956a6ce83dc940db4bfded9d907322c6391938,JohannesKonings/abapGit,True,DDLS: fix a syntax error on ABAP <7.4  Introduced in 2f9e46421b7010812cff57ab0ff5a3c3547de13d Report
3e600b874d4424e01fe3d803a993f4982f8f33df,Arkq/bluez-alsa,True,Drain optimization - use timeout only when needed  This commit also fixes a bug introduced in the 99
c4c87c7c7a60ccbd2647fba7dfbf6b3bf802de75,analogdevicesinc/hdl,True,"axi_ad9361: Fix the _hw.tcl script  This will fix an error introduced by 48d2c9d3 ""axi_ad9361: Defin"
7a6de6d77a4dad8f91d46ebb346be5e3933ff403,lede-project/source,True,"ar71xx: fix sysupgrade syntax error  Fix syntax error introduced with 188328111b46 (""treewide: move "
570637dc8eeb2faba06228d497ff40bb019bcc93,torvalds/linux,True,"HID: usbhid: fix build problem  Fix build problem caused by typo introduced by 620ae90ed8 (""HID: usb"
f2beddaf04b82c7bf89b4abc6a8f76ab7e41705b,apache/mesos,True,Fixed compilation error on Mac OS.  This patch adds missing switch case to fix compilation error int
e239e60021ddbe7ef0d27141a868e632328eb8aa,percona-ysorokin/mysql-5.6,True,Fixed FB8-212 (Potential buffer overrun in dump_timed_out_connection_socket_buffer() in mysqltest.cc
3416905ba058e43112ad7b1b4859797f027f5a07,olafdietsche/linux-accessfs,True,"usb: gadget: ffs: fix enable multiple instances  This patch fixes an ""off-by-one"" bug found in 58179"
32cf3841b37690eaace1ad6a6582718cd9e15829,hauke/backports,True,"header: add possible_{write,read}_pnet() on kernel >= 4.1  backports only adds the possible_{write,r"
5f0de51102589acef883a2cd46dec5fbae684541,cpaasch/mptcp,True,rtnetlink: fix rtnl_calcit() and rtnl_dump_ifinfo()  BugLink: http://bugs.launchpad.net/bugs/1081676
224dc3fc3004fcd7f71e1ede466b9daf0d88f405,garfieldnate/Algorithm-AM,True,fix incorrect carry call  Fix a bug introduced in 1c83533b where the wrong variable was carried. Sin
7f24fb0d954e6c123409734a05d969b1d5acf02a,squentin/gmusicbrowser,True,fix context menu error introduced in #b4f43c5200 and code cleanups
358b07390e28338ddf6fa6e077fdbeb117431c99,ether/etherpad-lite,True,"fix ""util.pump() is deprecated. Use readableStream.pipe()""  fix error introduced by b3988e3 "
4584c1bd69f1f080dc0e18fdb4d73eb0a4f5cb57,tyru/open-browser-github.vim,True,fix error introduced from b98a3aa
b28ae9a763a0afa3a720e8f49b3aa611b9f91f5c,decred/dcrwallet,True,Open and return wallet from CreateNewWallet.  This fixes a dcrwallet-specific bug introduced by 4b64
601ade5369bbf52785bb553889bbdc6069d28f86,kinvarbuilder/kinvarbuilder,True,fix for bug introduced in 14fa744: now checking whether the given vector sums are Fourvectors instea
b78982fe6a62ba8233d280f7920aac0a5fc241a7,carl-eastlund/racket,True,racket/cmdline: fix problem with arity checking  Extra normalization due to 59b1e32fe9 exposed the b
5d8cee18015b9a64aa3e06a81802f8186a99cc02,ierton/xkb-switch,True,Really fix the '(' issue introduced by 42abcc
dbb69dc759f6383488ba321aa9e6c4ff91232053,blueboy/portal,True,[12763] Fix a little memleak. Thank to @kid10. Also fix sql error introduced in 9b7bb67c0eeabfe3e814
d6cf642a5d3ac2654ee63dd12d7da1669c170d69,alexschlegel/matlab_lib,True,More cleanup; fixed a plotting bug introduced in commit b7a30e4
fbd0cf74bdc3a6c3a2524691da07e4ac4ad7940d,mc-server/MCServer,True,Fix compile error on OS X introduced by commit ecf778bbec2794562bf5e5b8645e2171f7cd081c  The followi
433f5c60f194a7d6dd4792208648724772c39203,hhvm/user-documentation,True,Wait for render processes to finish  This aims to fix a problem I introduced in 6f6fb00b634402.  API
32300ee9dc9cee98395ce1d8c9ff8f57f2f91231,mikesmullin/borg,True,fix regression bug introduced by 07fff38a can only merge Objects; all other values must override
2ca3040bac6606c414021c2b3545d7cfa4ad6666,zhangn1985/ykdl,True,fix bug by 12f09979f2fa470d50c95c56cd4e7cb902953cbc  introduce compact_isstr to check object is stri
d1e41f77a89860208b552b193f414cad3f100c53,MicroVirus/7kaa,True,"Unit names with accented characters were not displaying properly.  For instance, the é in Rémy did n"
bd9789734b0654f3719615a6239b4779b4ca36f1,UniTime/unitime,True,Event Management: Create Course-related Event Bugfix  - fixed a Null exception when creating a cours
635e2f00e46b55f807aac01f2b8df8884e8ba828,adai/LTLMoP,True,switch to using frozenset of Point objects for faces (fixes a problem introduced by 929b96e3); furth
3845bb5ed95a9203bd29acbc48a9f57f2de2fff6,deltagamer/ChinookPack,True,fix error introduced in previous fix c4eb0420
df8bf7a7fe75eb5d5caffa55f5cd4292b757aea6,qemu/qemu,True,NetRxPkt: Fix memory corruption on VLAN header stripping  This patch fixed a problem that was introd
3a8c3987d6dcc291caef9455461d9f7d5a3443e8,joyent/libuv,True,sunos: fix syntax error introduced in 76d831e4  Moving around the code for #754 inadvertently introd
76cd7ac1c2094b34ad36bea89b2246fa90eb2f6d,ceph/ceph,True,mon: OSDMonitor: fix a bug introduced on 97462a32  Fixes: #5737 Backport: cuttlefish  Signed-off-by:
ead3ac3537f3a19ae477fdfab0172c5e167ab733,osp/osp.tools.visualculture,True,fixing the responsive issue created in a8fcbc0af949f82e86576685a24ee8e9a2d73cf7
fbbad65b293c2254edcdfab0171bbe204464d503,ncopa/openrc,True,rc: pull in sysinit and boot as stacked levels when needed  We need start services from sysinit and 
d4a127211d8d50379e2d23671d348c90c5d39d46,slavapestov/factor,True,ui.backend.cocoa: fix for the silly error I made in 7bc1009973d26579dba598ceee2f10444ecb6749
b8c77fcd0774e0c1ecf0451c4faaa4de08359ee6,gentoo/eudev,True,src/udev/udev-rules.c: fix bug introduced in our 601c4e8  This error was introduced in our commit   
6d8ae0a039094afeb95deb2057cd2cac7383a88d,odoo/odoo,True,[FIX] crm: fix bug introduced by new api in #aa44700  Before migration:   'phone': customer and cust
068bb1a75a94eacfaaacf3b0ecf4feb349fa8e13,groeck/linux,True,smsc95xx: fix smsc_crc return type  This patch fixes a bug introduced in bbd9f9e which could prevent
d3ff94a154f225bdeebabbd6cb8687fefdd2e040,somerandomdude/Frank,True,"[FIX] bugs introduced in 061a14ff94 (""Disable…"")    * echo content of $checkbox_name   * fix precede"
4a709379becca2a35db9cd98a61f5191397bc769,nextstrain/augur,True,Patch to fix bug introduced in 89af4a
01bf706f7fcb6b4a16fb03525ef5678843069f64,emacsmirror/org,True,org-babel: fix bug introduced in commit 78cdf149  * lisp/ob.el (org-babel-result-cond): Macro expans
19eead280fe1d33f1cec658a301b809a593613be,transientlunatic/HODLR,True,Added a fix to correct installation problem introduced in c69cf44.
7e51f1670b8e21eddcca0b3d4e76bfa089f3c23e,aaaaalbert/horst,True,"Fix #47, Implement `clock_gettime` wrapper for Mac OS X / Mach  This fixes a compile problem on Mac "
8ddec8b82f90652182cb7eddb7aa841e4fa4e639,SchedMD/slurm,True,Fix for batch job CPU count if --ntasks-per-node specified  and max_nodes == min_nodes or no max_nod
0ce186b922ce6164c5217b9defaab29b282844ae,gaborpapp/AIam,True,"Fix -train bug  This change fixes a bug introduced in d973cb2c9678a2c2ff5b7d9e57c3c779f65a6c98, whic"
f5f78311dcc5a35a2fa1819d83a120101cd901c1,gaborpapp/AIam,True,Fix autoencoder --num-training-epochs bug  This change fixes a bug introduced in 1fb6f221a100988c6e4
f58ab38093c3f5ac3c8538cee4f8449315346d7d,xlab/cgogen,True,Critical bugfix for slice packing (introduced in 880da738).
a3bf6b9c2c7808c0434edb74be40623a805f2e67,duzhanyuan/rclone,True,"drive, gcs: fix service account authentication - fixes #2279  This fixes a problem introduced in b78"
bf6e399c5edbaa6fec82b0fa958ce7680b9223f5,peircej/psychopy,True,FF: typo in staircase.saveAsExcel()  fixes #1729 (thanks @jano15 ) which was a bug introduced by 9dc
735dcd1571aa6a8c73ad31e7c196e72efdaaca80,vizrt/ece-scripts,True,- fixed a subtle bug introduced in 235fe6aa
8695e8e5caa51cb098b9df370ab3ef966af33e0a,OpencachingDeutschland/oc-server3,True,fixed search query caching bug introduced with commit 1bed97e4; fixes #278
8142f97d784a828942ac1310b5113dc7b6141e85,jcmoyer/LD26,True,Explicitly check for nil  This fixes a bug introduced in cde30f94 where patrol tables weren't being 
3040fc9656f9e792b3587ae22f9382d2a0fb3bfc,magnumripper/JohnTheRipper,True,Fix a bug introduced in ef133e4 where a system with OS_TIMER=0 would run into problems when the form
9cf68da6cc0d616cba2784e60ae3fcc4c725c569,sdamashek/s2e,True,target-i386: Reset current_tb in cpu_loop_exit_restore  This is a patch which fixes a bug introduced
dc6b586c5dcf2cdbfea266f78c105c7a348f3292,sphinx-doc/sphinx,True,Publisher requires destination parameter. This change fixes a bug that introduced at de49b991f635.
6cf3034ba72bff55841b1e3338fbc541cd04efdc,chrisforbes/mesa,True,mesa osmesa/x11: fix build error introduced in 4bea4cb9  Fixes https://bugs.freedesktop.org/show_bug
43613eae86fe64b40dc076ba2d44ae5c119c139d,nono/cozy-files-v3,True,publish: [fix] upgrade cozy-ui and cozy-bar to fix bar height issue  generated from commit 8717e45a1
dac8cf493baa072bcf15eb6217f7d79d6e0b3fb5,NetSys/bess,True,core/Makefile: build plugin gate and resume hooks  Update core/Makefile to allow plugins to supply g
66722bf4514bc53b12cfaa13a8c7a15d1b268cce,dbarrosop/wee-slack,True,Update message_json when message is changed  This fixes an issue introduced in commit d7b26dd where 
8f09237451e0e506241044e45e4afb4889085adf,BenzoRoms/packages_providers_TelephonyProvider,True,Speed up deletes and updates of the 'words' table  FTS3 virtual tables don't support user-defined in
b78ca5e838eb6cdf966e9bf539832315512550bc,openafs-contrib/openafs-robotest,True,ssh: fix dist subcommand  Fix error introduced in commit 344a1f8da41ae371e54ce06b18ffb764d669d330.  
f777cbde0993a28e0da9ddf19363993721f102d7,transpect/docx2hub,True,fix fn mark processing error introduced in 8fe4b51 / r401
ec9d55ffb39cb196ed94cb10805486bea4ab9ed1,aalexandrov/peel,True,Setup and teardown systems in orderin `suite:run`.  This fixes a bug introduced by 2ba7d07f - due to
ea90b8d0c0680f4f749deb57b7b57cda1a23b91d,Depado/goploader,True,Add UnixDeleteAt for unencrypted uploads  This fixes a bug introduced in a3fbf077 where UnixDeleteAt
43e8dfae5c12f7ffdd50cfdcb7d8007b1b28d898,VanirAOSP/frameworks_av,True,stagefright: Fix tags in mpeg4 not parsed correctly.  This fixes a bug introduced by commit 440b54cb
16db1c5b03ce445f6b34f0613e220be866ff28d4,mapbox/carto,True,"fix MSS standalone renderer, fixing failing error handling tests after f6c07afee60b59c8c349ac909c7de"
364aece01a2dd748fc36a1e8bf52ef639b0857bd,torvalds/linux,True,drm/i915: Avoid GPU hang when coming out of s3 or s4  This patch fixes a timing issue that causes a 
0647cfb50c26baaed972175c83aa6e79daa67dec,redstar/ldc,True,Re-enable inlining by default for -O2 and above.  This fixes a bug introduced in 2f78dc686.  Thanks 
51f9b6450e848023d1996e0762e92e388a598239,shalture/shalture,True,operserv/akill: fix crash bug introduced in a2126db3  /os AKILL ADD would segfault as it'd try to co
c9dfb641be4d47ccc2b1d6032bf25c0ade419bdc,freeorion/freeorion,True,Fixed issues with weapon ship part meters introduced by a72d77f  Changing the capacity ship part met
2452fb977b246629d50669cb646844b5e3b13cdd,TrinityCore/TrinityCore,True,DB/SAI: fix db errors introduced in 31e495f.
610567e0b99d6e669485da1d40e432a172ed6709,jymigeon/libarchive,True,Pass the correct pointer when checking the Zip64 end-of-central-directory locator.  This fixes a bug
2b9dc9954396887be56ddeeba65523b7561927a6,liancheng/rose,True,Bugfix: fix bug introduced in commit 4779b1b
8dd217c983976714b9f775ba119c62d8d180913f,syntheticpp/lyx,True,"GuiBox.cpp: fix bug introduced by [bec3f7bc/lyxgit]  There were now 2 entries named ""none"" in backgr"
554b7fc6b3c5be2a89b6fbc698fa9fd1fedde46f,graphql/graphiql,True,[FIX] bound fetcher function could cause infinite loop  This fixes an issue introduced by 82b059d515
aac581db3122dac674285436f811b5556ac71cb3,vchong/gen_rootfs,True,"hikey: set CC_PREFIX before using it  This fixes a bug introduced by commit 562ba7fb0fc4 (""hikey: us"
7b6daa025e29d3d1e6356b7c3b9ae777e7f273a3,lpinca/binb,True,fixed a bug introduced in commit 30cec4c
627a7648e453b34c7865e373237113a5fe532826,aiidateam/aiida_core,True,"Fix bug introduced in aeac53b5b390d0093cad82053e30129c328df483  In the reference commit, the interna"
95af4887986f384612516450998c08bf9d84ec08,syntheticpp/lyx,True,InsetBox.cpp: fix a bug I introduced in [88593e0e/lyxgit]
aaeddd469dda7436de533b410f41d97dbaab0857,libreswan/libreswan,True,alg_info.c: - fix bug introduced in 8ca36783dd35b6ce7575a36dfa59e9ccb4deab9a - get rid of gotos - ti
7d62502d6c123d08411a0be8a9a38d90861833d8,curl/curl,True,polarssl: fixed compile errors introduced in 6448f98c
901da6569345ae0d0a5d1d09af2177eeca5afe62,hjr/XCSoar,True,Screen/Fonts: fix log_infobox_units initialisation  This fixes a data loss bug introduced by 4ee5247
8a229359570d1c73ec375de98083365f420a0fd7,openmicroscopy/bioformats,True,Flex: fix file indexing when multiple runs are present  Fixes the bug introduced by 7aecd0.
d3e380a075d1672d12a44fb85114f092aa43aa2e,campersander/razorleaf,True,Rewrote project.  The parser and compiler are now separate. The new parser is significantly faster t
411a95806c0287a540210fac0a7f6fdfd301f6a9,bmorel/ValyriaTear,True,fixed a bug introduced in a1e27dfc
57acecbfb77764b378323a92194d46a391b2328a,CisBetter/ags,True,Common: refactored UpgradeAudio() and BuildAudioClipArray()  Also this fixes a memcpy bug introduced
3e1b84064a3ce6552fcb7f11cb042f2aa2af3f21,Jermolene/TiddlyWiki5,True,Improved fix for illegal field name problem  Better fix for the problem identified in 9b4b9d4
2ba2ccdd9fefa63c06d7de9c2a5a266c61d763ef,avayvod/html,True,Fix minor markup error in “notify about playing”  This fixes a minor markup problem introduced in 18
fd7007ef21c50b1fb3b24d06ac63173b02832f5f,codinguser/gnucash-android,True,Avoid Price.toString() failing for certain values of numerator/denominator.  Fixes a regression intr
57707cb5f1f9423558f375f8ef13ebb5c3f35dca,Vifon/plaintag,True,fixed a serious bug introduced in 0f1e484  There was a missing newline when the untagged file was be
faeb702f730e85df059009d307ee37b7d9eb525b,JetBrains/xodus,True,fix weird reclaim bug introduced in 0dff56fdb2525803c950b97fd6d2469357075703
9ed50475ea4dfdc604a4e0e0ec3f10c9560cb660,brunoseivam/ADCore,True,Fixed problem with text overlays not updating timestamp introduced with commit 91260de960789af1a0591
f687d4518e97d541d4aed38bcd235e21ce812025,mkerrisk/man-pages,True,Changes.old: fix encoding issues  Introduced in 33972b0b231b9b0ee708f27fe42461dbca6e2968  Signed-off
8d35eee31189702d15d1fcd846254f9da0da9f2f,reddit/reddit,True,Voting: Replace temporary fix for IE11.  Commit d9daaaf added a temporary fix for errors introduced 
51fbac7ac77f5c70df49a1d9abf31bf7460f9ff5,HubSpot/Singularity,True,Fix bug introduced by 22be126738c657d65d29670f5a3e9472a1dbe476 while keeping auto-tail fix
190d8ccd7cd502ac62f229f7dde939406441a2d3,nao-pon/elFinder,True,[ui:cwd] fix enbug of 6d2366abd830093793a4c20d8112a3c448da8fe5
de7e2ce2934bfbf915dce61805b6481473390e70,ariatemplates/ariatemplates,True,fix #458 error when no skin and no widgets loaded  Due to a bug in the code delivered in 59e9ba72a65
17c2e972f0d2af68bcf589d2971f5c38028bd550,sudo-bot/gh-deployer,True,fix: bugs introduced by 77e0fc5ebe23c8de02a40bca07ce3cfe4e438bb6
63b2a52c2c2d453ccf889cc5e74991a2c81aaccd,OpenSIPS/opensips,True,[proto_hep] fix bug introduced in 7190a2d  	Commit 7190a2d was freeing the extra chunks twice when t
f92dba6164179f3894e3977e6410c912f579e71c,gentoo/gentoo,True,"app-emulation/qemu: configure tools with all options, bug #611958  This fixes a bug introduced in my"
9cd7da8db2bafebc32b460c766a50351c18db9fc,nazar-pc/CleverStyle-Framework,True,"Small fix for issue introduced in 5408f94, test case added"
1519919ac02c6fe9af3a8f53aab2d70a31ec5072,guusdk/xmpp.org,True,Adjust size of menu for its content.  This likely fixes the build problem introduced in commit 83f36
e89cdf3681544a8a42fd704a8fb501e1afea1b60,wdmcheng/brew,True,Fiks HOMEBREW_NO_BOTTLE_SOURCE_FALLBACK description  This change fixes a syntax error introduced in 
f234675becbce09d769b9ad331d80d27bdb815a6,darktable-org/darktable,True,Fix broken legacy_params in some imageio formats  This fixes a bug introduced in 5f13d2527398eb82591
956cb4f403dd3a6ddb379202dc1f2770b9820073,sobotka/blender,True,Fix T65803: MPEG4 unsupported timebase denominator  - MPEG4/DivX has a maximum value of 65535 for th
89f7b9aac23a02ff8140b277b76eb7a70b0b04cc,Perl/perl5,True,.locale.c: Better emulate POSIX locale setting on Windows  Commit b385bb4ddcb252e69a1044d702646741e2
33efc4bd327713d17637dbe1a55bcaad4eee8754,konnectors/bookingdotcom,True,publish: fix: add some logs for some errors  generated from commit 6eb5a200cdaaab7f3326e1b1fdac1bc13
c91dbdb27c2c6b6ab4f26345382128e86c5456f3,andrewrk/zig,True,fix not allocating enough memory for passing args  fixes a bug introduced in c62db5721c1bf
90243d92a6174b6b71d870a5659d7b7b7d223af6,runmad/REFrostedViewController,True,fix initial animation appearance bug that was introduced with commit `b4ea0573122ee46c4a2eec1b07f94d
2df457330147cab89cd7ff3aeb7c2e0901c62a91,nuxeh/definitions,True,"Create /etc/ld.so.conf.d in the glibc chunks, not fhs-dirs as it is glibc specific  Include ld.so.co"
2b22923953500935faad82eb63b4688e1f3884c8,ynezz/coova-chilli,True,radius/redir: Fix usage of already closed fd and stream used in logging  It's a fix for a bug I've i
fa6d1b36c49857b0025fd3ee7f76c5e6585ee488,ystreet/gst-plugins-gl,True,deinterlace: fix texture coordinates computation  Fixes a regression introduced by fffdcbdd3dde437e1
6d3f66a8be348dfe22986e572a46967df709af4c,CCI/cci,True,tcp: check socket error when connect gets POLLHUP  This fixes a bug in d56ddab49d3e3433fb5b6e13d63f1
1c3bc4c23af8a9e8b518ae45f242e8bad608f734,meedan/check-web,True,Restore settings icon as gear (not pencil)  This fixes a bug introduced in 86ba2d8.
e8bf5200ae6e9876b1a14529813d1411e3fb8cf7,lavv17/lftp,True,cmd_set: fixed a coredump when no arguments given (bug introduced in 94b057257f5f77cec242414dd804d1b
c31ee795f7059edcdc42355ed84ed4f6c91a8e1d,SchedMD/slurm,True,Correction to task binding  This fixes a problem introduced in commit 31aa3244b55bcf6fafe8d76a2c3b80
5a0b08e9ea5ee6075aee551b223e045e7506cb7d,bminor/mesa-mesa,True,mesa: Move declarations before code.  This patch fixes these MSVC build errors introduced with 73b78
bfa52990bd57e1e607cd3c9c470ee3aa11e89540,snarfed/bridgy,True,start to implement publish/listen distinction  also fix bug introduced in 38ccdc87b383cb35465e67a2ce
279b21a7a2eb16c7b6055446dd2a6e1ffc5731c8,DeuxHuitHuit/cache_management,True,Only highlight the System nav when in our page  This fixes a bug introduced in bb2fb72 where the Sys
f2c66480bc133c97b65acf334c8775994658feb2,ProgVal/Limnoria,True,Filter: fix a bug introduced by b78319ba2aa  This caused the first character in text to be cut off i
9f2eda6df6f59cb5dd785a9dd3260af408de79f9,spring/spring,True,fix minor terrain tesselation bug resulting from 60e4136eb5
52f5ed2cae6c2e0958a47572b83e6b8b754f91ab,sosy-lab/java-smt,True,bugfix for 3661e14674124de2026216682372d9b99ae0fe28  Quantifiers are no Application terms any more.
bb4ab5a8be2f66bfc03716eb37b94ec186ab1e55,freedesktop/cairo,True,tests: fix bug in pdf-tagged-text that was introduced in 4790a36
89ec88f1e750cfb786de1929ef44fac70c9a29ab,coq/coq,True,"Quick fix to another bug of ""subst"" introduced in 4e3d464 and spotted by Maxime."
2ca4d9d662f638beb1ac99856848a1ac08ba0997,joyent/node,True,net: fix listening on FDs on Windows  Fix a bug introduced by 3da36fe of a missed early return of a 
0b13f37bc1443f59dd5194dc13ae66f2a849774e,lukesampson/scoop,True,"fix a bug introduced with e2792f2e  ""break"" prevented the extraction of multiple archive files"
ba3e1847d6471f30241f11069d8f153ed8cb052b,ClangBuiltLinux/linux,True,"net: macb: remove unnecessary code  Commit 653e92a9175e (""net: macb: add support for padding and fcs"
5ef3c1b09b486d711b556655c28b93e207a90399,facebook/react,True,Fix Reconciling Components to Content  This fixes a reconciliation bug introduced by adffa9b0f4128ca
32a6304f804bdff5b6eb3246d6303b79fcadc332,phpservermon/phpservermon,True,fixing fatal error introduced by commit 7a91b8a3f3143248c767d576505ad9239582b975 (missing semicolon 
cea078e4525167b9ace6fbd2b56ea4a77ade1ee9,mapbox/mbxmapkit,True,Fix #56 by only writing HTTP responses to cache. Also fixes the double-size-prefix bug in the marker
650810fc6c693029188399caccdbee5589908945,thedarkone/rails,True,AV::Digestor thread safety fixes.  This fixes potential thread safety issues introduced in 09f6fe1. 
c87134e6e1ce077bda066ed8a64de14089a3e259,pandemicsyn/statsdpy,True,"Resilliency changes/fixes, and clear timers fix  - Fixes a bug introduced in 7f502e81c71db748c636795"
f3741de216f7ec0f2c0d90881904fb2e62f13fc0,tmpvar/sketchflat.js,True,fix issue introduced by 54a89b932
78bef577bcc3f4dc003202f8496100a75535527c,magnumripper/JohnTheRipper,True,"raw-SHA512-ng, fix a bug introduced in 14a5985"
1174a034e80de6801741e65b0f28633139e7997d,mhaberler/linuxcnc,True,"hm2-idrom test:  fix ""too many arguments"" error  Introduced by Y.T. in c6b87eec.  :P  From build log"
90dc819be2e28932af0f3211fff9bedda8a19b63,FlinchyMcFlincherson/TVCOG_Seltzer,True,Fixed bug in membership save process caused by previous update  Fixed bug introduced by fix in c9842
31a528d73a539088c54819628f0b056ea4892bdd,breunigs/hipsterpizza,True,fix syntax error introduced by 6b69b08b96697f1e0a654764481da45847b4e89a
d16edb4783a90b1b4050eda583d35933c3959e0a,jocelynthode/coachup,True,fix breaking bug for some courses index views  It fixes a bug introduced in dccd41f2eeff94d58a4bfac8
e2f82dc60f6fc7988c258ebb0aa27e112ad3ce04,gentoo/eudev,True,fix build system error introduced in c8cbcb8899  Signed-off-by: Ian Stakenvicius <axs@gentoo.org>
f8b13505607823bb9a212eb9410669ecf2bc2615,torvalds/linux,True,s390/uaccess: always load the kernel ASCE after task switch  This patch fixes a problem introduced w
e9068afa1d4daf268250c249a18a01ade5efb8a7,TrinityCore/TrinityCore,True,DB/SAI: fix db error introduced in 2a8669d.
0a95bbed879f8f350325f2a2d3c7056f2a531955,AnthonyARM/devlib,True,misc.py: fix syntax error introduced by 86c9b6a1c7e  Signed-off-by: Ionela Voinescu <ionela.voinescu
7e6eb323b43933983c560213eb09e21f49b493c7,seuribe/uscheme,True,"- fixed bug introduced in 7b30ff0b66e135381e382d00fc28e41fa2562d3e , EnsureArityMin now again checks"
7df648f1cff55fa9126d444c9f70083434b0d213,open-mpi/ompi,True,"btl/openib: fix problems from commit b3617e73  For systems with OFED's lacking XRC support, commit b"
8bfb9b12be08e00301d274cdfdecd6598960860e,Amebis/eduVPN,True,Caching issue introduced in e5ecccd6357028d31bdf7b122dec58068763f529 fixed
4e52f18be1629effb9d8f35767f870c49c654368,root-mirror/root,True,Do not deref gPad if null (introduced in a858a05)  Also fixes stressProof problem if started with -g
b1407854cbcd977c63582936a05ffc2d153330ce,tiborsimko/invenio,True,BibDocFile: pickle support fix  * Fixes errors when trying to pickle BibDocFile objects due to the  
cf3beb7c90a8efa16a06b26634cddddc92bb819c,torvalds/linux,True,perf/x86/intel: Fix incorrect lbr_sel_mask value  This patch fixes a bug which was introduced by:   
81c9bedda3fa563ff87cb9457615a02396ae6c47,Distrotech/gstreamer,True,docs: fix problems introduced by c068b225fef5a9bf0  - Fix failing build - Drop added trailing whites
d6d1074565547f40dc46be7e6465c1085d639ce7,Ardour/ardour,True,create_action_group -> get_or_create_action_group  Since adding an action-groups hides existing acti
6e52376d2e6c9ef849bd46b2ee72b58ad30d1947,mbakke/guix,True,mapped-devices: Properly open RAID devices.  This fixes a type error introduced in 7f8ad82bf23b032ad
7066197ccc47f292e8d80e21293475a3a782f5e7,Rockbox-Chinese-Community/Rockbox-RCC,True,ingenic: fix bugs introduced by 5900bf7  I must have been blind and copied some intermediate file in
41bb197406898508ed0f53da3b371995aaa9442e,paul-buerkner/brms,True,fix problems in evaluation of random effects terms introduced in 2d80639
313f56ce2d1b9dfd3483e4f39611baa27852835a,postgresql-cfbot/postgresql,True,"Tweak libpq's PQhost, PQhostaddr, and psql's \connect  Fixes some problems introduced by 6e5f8d489ac"
a6bd55ddf6f373e2b0433bec8783b231002346d6,garbear/tyrquake,True,"Fixed mingw compile error introduced in 0a482f255: 'm_state_enum' undeclared identifier, explicit ca"
0fff0ba6da30e4ced73f84c8305d80c955bae132,emacsmirror/org,True,Fix insert-heading  * lisp/org.el (org-insert-heading): Fix problem with inserting   heading.  The c
58f52cbb79d6ed369bd3fed44fe615a23c721189,golang/go,True,runtime: fix cgocallback_gofunc on ppc64x  Fix issues introduced in 5f9a870.  Change-Id: Ia75945ef56
ac197574499f41ea2371e498216e25cd5a544fdd,slipstream/SlipStreamUI,True,fix: a bug introduced in dc6e5a0eac4258cb4ffb535da433660cd9e8b009 where the refresh of a Run may not
a3e5890f9f3995bdc9b8fb13d762249c48924ecd,jandre/zerorpc-node,True,fixes a regression issue (initially reported in #11) that was reintroduced in 2f7bd5c53a855fee512e3c
8ebd20ccb5bff8b17e5e0ae8ae8820984b049d73,achubaty/SpaDES,True,fix error introduced in prev commit (b389f19)
d87959d1d6d12b31f794abc2db2717fbed734ef5,alecjohnson/iPic3D,True,fixed bug in Z-axis boundary conditions introduced in 4920c98b
b4624001516acd2522967a14e3f982badf04213f,davidgfnet/whatsapp-purple,True,This should fix errors for 64 bit systems introduced by commit #be965ef0f744f5031279312ef2a44a882623
c85546a89739a354a8a0568556208f1337aadf85,ro6/nixpkgs,True,pythonPackages.gateone: Fix python packages reference  This fixes an error that was introduced with 
9d35ddcbc0a97f47a871a2bdee863ed178721bf7,stan-dev/rstan,True,fix a bug introduced in 28784f4c4e45dbfaae7fc43e2614f3d886de1d44
c34c85fbca6f01fd701e955af3d350a6caba5dfb,INTECHS3/OrthoCite,True,"Initial platformer minigame and few fixes (#4)  * Initial commit of the platformer minigame  * Don"
a0441f72294cb021bb82fb2eb8171ab27be3c081,interchange/interchange6-schema,True,fix some quoting problems introduced in f7866b7426b
3e29f4d74a23d0fb345405a9344e9b93fdaaadf3,pflotran/pflotran,True,"Fixed issue with pointer to secondary continuum distance. Also, fixed observation output bug for sec"
78e3042946af79fdf0a60fc6a2fea63af618d83b,PreibischLab/BigStitcher,True,fix bug where saved SpimDataFilteringAndGrouping was discarded before it could be used by the asynch
3ef79e23b69a87155d6116349db681eea8e83d04,jakeogh/shell_command_lock,True,fix trap bug that I introduced in commit 7bf8ab5e8073ff8244bdb3ddaead657b8a9da27b
650913438c42a8a1249a329a6240a60f73733795,microchip-ais/linux,True,staging: most: hdm-usb: fix mbo complete leak  This patch fixes the issue with MBO leaks introduced 
86f632aa1a99af480b0e9a921c6168ef6c6db3ac,gisellemnr/abella,True,normalize: make it a bit more general  Now embedded list-typed terms in object sequent contexts are 
71a078a53e621e0234a6e4604de371a452e9252a,pimcore/pimcore,True,fix for d2b586bf6b77da580f03db5b78241023ebfef7b5 - naming issue
643eefc5cc9e156403c1702002c3603e9d6d540d,SCOREC/core,True,"fix errors introduced by a9f54ce  @seegyoung, please try to compile your code with ""-Wall -Wextra -W"
52332a4b243aa7bf85fd58cf8d23d5efa78dc3be,ncw/rclone,True,moveto: fix detection of same file name to include the root  Fixes problem introduced in d2be792d5e9
ec3904a25562a105868163a69270ed79718ddb41,fertrist/mishpaha-project-backend,True,"fix ""MIME"" error introduced by commit a39de719e930f450c488dabd21f66f7221e5f80d"
daa166dfedc433b9da5f2a9d5459539feb535eec,vladimiroltean/sja1105-tool,True,gtable: fix for bug introduced in e40149679abf25191f43511f05ddbc8c2dcc9bbc  * ptp registers need a f
02c24bc6d83e853cc22ca2c0c8c0e458986b149d,ARMmbed/mbed-ls,True,Fixing tid detection in Windows  This fixes an issue with detecting NUCLEO boards after 316195e4d96c
806a12bc699d51391857bb017f445a14b4591e63,BBBSnowball/offlineimap-couch,True,bugfix for 1b6557ee5e7ba23f
d8dcbc89d11b43e9221456e6ee08da13844ab703,duzvik/restic,True,lock: Ignore invalid lock file  This commit fixes a bug introduced in e9ea26884739a218bbab0248b634d2
b2f193e736a8c5df78ae6714c86dea6b73983697,herbelin/github-coq,True,Fixing a bug of recursive notations introduced in dfdaf4de.  When a proper notation variable occurre
a434e2398ae9ac5ccf3ec5ec7d50638a38ae95f6,karelzak/util-linux,True,raw: fix raw query  Bug introduced by commit cd121363.  References: https://bugzilla.redhat.com/show
196fe23734ca8888ca0275ad203ccb0d20907e6d,qemu/qemu,True,spapr_vscsi: fix build error introduced by f19661c8  A typo introduced in f19661c8 prevents qemu fro
ede12c577f9a97f40b1f675e20a3da769f065ceb,munkireport/munkireport-php,True,fixes an error introduced in 821fb6a where all Apple monitors where counted as built-in
44abb83a16579df803938ff7eb3a5cc381e61381,wantnon2/_3DToolKit2-for-cocos2dx-3x,True,fix bug: fix bug introduced by ecb137c
ca119496290f4ba8594c1e298a77336825c71e77,krmpotic/snake,True,fix error introduced by 315a64b1bd6
291c3ae79c45bc470f8a903a2541b10e9784fac5,LibreOffice/core,True,fix OOXML strict import  fix the problem introduced by 6536826f2f4c747582d60ed40b0418c6a67a9829  Cha
53890b3ead4a9a5ae5802f3547c59c17076a2ad4,SCOREC/core,True,fix backwards logic in new isSharing  this should fix a bug introduced by 429e410 still working towa
bdc103a3c401bdcab08aa93019f467989b26fe32,quisquous/cactbot,True,raidboss: Fix triggers returning integers  This fixes a bug introduced in 6c2c5603 where anything th
e2c1e97cd51508edf0de6cc7a8669ea113f8eae8,ericmann/wordpress-redis-backend,True,Simplify `get()` method's logic rather than duplicating Redis lookup calls.  Also fixes a code error
a573c48f06746d7c4f06b73ca5a8ef88d62cbc08,g76r/qron,True,alert: no longer reminding emited but not raised alerts  fixing a bug introduced by recent commit c8
0dd5ce38fbeb2fb97b01cc8c1c97292211e48ee6,MaddTheSane/qemu,True,Bugfix for loading multiboot kernels  This patch fixes a bug in rom_copy introduced by commit d60fa4
481789d9117de816bc998a70f7d5819fc9ea0b8c,libAtoms/QUIP,True,"resolved bug in find_monomer_pairs subroutine in topology module, introduced in commit 5780107e2a6cc"
f4ee028b06b4d44610a728576608eaa2fb411c18,Cloudrexx/cloudrexx,True,core Html (bugfix): Fix for head row bug introduced in dbe85c9ccc6fe35f47819a7b67b41acc85fb5f87
4707122eede9746b36bbaa0dab0b419e11b0433b,mbudde/ledger,True,Initialize journal_t::no_aliases to false upon costruction  This fixes a bug introduced by ecd5097d5
345bf795f22c183a7fa60f20aa315005692b51a9,pkit/zerocloud,True,fix tox env incompatibilty  fix tox environment problem introduced by 3e623a22cc1176f866263b8b024ad8
86fbf8aabe2962a9b7641849853c82ce5c75cdb0,john-tornblom/mc,True,fixed a syntax error introduced by 210eea23
79761c6681f0d1cc1c027116fcb4382d41ed3ece,rth7680/qemu,True,"semaphore: fix a hangup problem under load on NetBSD hosts.  Fix following bugs in ""fallback impleme"
c8c2d2b1f715158a1f55a7eaf4797c78562b4402,emacsmirror/org,True,Fix multiple groups of mutually exclusive tags  * lisp/org.el (org-set-tags): Use a subtler mechansi
0a2467f5262998826c21b13aa6a83934001ca170,CodeOnRye/tevatron,True,"[unicode_info] Fix unicode error introduced in 6a0d18ef  This fix only affects Python 2.7, as unicod"
a7694674a20b4d26b9ad66a49ed4d5cb8d357707,yydzero/gpdb,True,Fix infinite execution of partition selector  This fixes a bug introduced in e378d84bf32922b324a8ce6
cf733e8f2d6c53da9a9a863cdc33025e7f11c367,ratcage/rat,True,make DS::MCPMT getter naming consistent  * Change from e.g. GetPMT to GetMCPMT. Getter names general
2be7099c8498cf258cdc4c8395de8e3c15eef9a7,JetBrains/MPS,True,fix problem introduced in 199ca4e59019df4572190f32b03ca709274ced7c not allowing to write code: Strin
c8a5decdf10a6be46631b0b92742c73ab9eecb1f,terminalmage/salt,True,"Optimizations/bugfixes/feature adds for systemd execution module  This makes some DRY changes, as we"
fd9a4e8a8d32e4f20b1b604e8dee087d14d8089b,adamschwartz/chrome-tabs,True,fix sort css transition bug introduced by ee40805e
5f8e339e45314174dd49221fcf09197e8d1e7ba4,ostreedev/ostree,True,lib/repo-refs: Fix typos in last commit  This fixes a whitespace error and a mistake that made it in
61e44e894890c1521a01148fbf969cbd4dbb4cae,parnmatt/slstatus,True,"Get rid of HDR variable  The HDR variable is used for general purpose headers, which are not given i"
745d2e932a44358d737175c71c4d682fa190d70f,tmmorin/bagpipe-bgp,True,Fix RTC route encoding  fix issues introduced in 76323a0caecae259e6542dc92ce3cf29dd8a1bb1 (len field
212a1e0e6a007dba89f56e169fbca5c14e3b05e2,dradis/dradisframework,True,Issues#destroy - use the right class namespace for Note  This fixes a bug introduced in c722fb8706cc
20eb39fa192f14fec0edbe0a44db214f893876ae,scylladb/scylla-tools-java,True,BulkLoader: Allow zero user types to be loaded  This patch fixes a bug introduced by 13b64ad6e3d4841
b7ee2b6bbf9d9bf98c0c59c78a2dffab809fafc7,Renegade334/atheme,True,Perl API: Add basic GroupServ functionality Primarily intended as a fix for compile-time errors intr
e93f1e9d5de4b1ffa84f1d125fa71af56ba45e47,OKaluza/LavaVu,True,Bug fix for problem introduced in 0ca2fee  Want to hide/show objects without full reload but need to
84c9e9e436ec81c8ddf44062a40b19e819b68a23,DynamoRIO/dynamorio,True,i#1551 port to ARM: fix broken ARM run  Fix bug of missing type names from e5f32f91b1b15ad0d52c5ac54
055958aa3b2beb1f4c025eb2950884157be7e3fc,antirez/redis,True,Cluster: make getNodeByQuery() responsible of -CLUSTERDOWN errors.  This fixes a bug introduced by d
b27e6feb699712345373e87a48187dc622e4fa92,osmocom/libosmocore,True,Rename msgb_wrap_with_TL()  This resolves an issue introduced in 84fb5bb6a09a6a358f98c654c84c3b99a0f
4990aed787007c5809635fe2e059a756804bc16e,tswift242/tetris,True,fix build error introduced by dcec42b
e5e76e65845493370f0787d985939a67e0d6b1a0,artus-analysis/Artus,True,inputroot.py: fix problem with empty folders introduced in c0d37abe5b06f1326df167e0345f397f3e26273c
519966abb15e5d89dcd8c21ac6d8c77d0c7e8a14,suttacentral/suttacentral-data,True,Conservative rollback of text (not tags) to fix missing space problems introduced in 2aa4a31ad81f3fc
2f2cf3359f3b954a5ffdfe31c3ef6f0ae558770b,KipK/TauLabs,True,fix GCS modules/misc baudrate setting issue introduced from commit 61ca919
9875b132e7be4246229ba2962ccb84f8ae52ae79,mconf/mconf-web,True,Fix error introduced by 73b390347d28d in SpacesController  fixes #766
b00c4f791f6d5aa4eeaa7d485764d6139df313e2,sqlitebrowser/sqlitebrowser,True,plot: Add button to load all data  See issue #499.  This also fixes a bug introduced in 6784a6a85481
b8440aeb2256c94c441db3a269149aa756d2d2dc,gromacs/gromacs,True,"Fixing handling of perturbation mass changes.  Fixes redmine #1232  in force.c, sum_dhdl   * moved F"
07ac75b08409a2f3d696bce4172e52429c8c6386,Jermolene/TiddlyWiki5,True,Fix search dropdown positioning  This fixes a problem introduced in 72941f3e9a916948222ff7be540d896e
dd1e8583ee533a349c03ed4d75446898fe8dbac6,trini/u-boot,True,OMAP3: igep00x0: Enable required clocks for GPIO that are used.  Enable required clocks for GPIO to 
6753039e6105bbd5e2ec61146f3d47232d2a6db4,blinskey/greek-reference,True,Fix two-pane nav drawer fragment ID  This fixes a bug introduced in aff3ce3a52b491a94a7e3cca4c54cca9
3ce437b9930c20a40da0cffcd57a11964919ceda,brianvans/puppet-gitlab,True,"fixing style errors, some of which were introduced in 77d5803ca40d8ca4ab9bca2decb66126cc508ccc. doh"
de8d9db22b0f6296f4e74794a8e52e8d2106e027,instructure/canvas-lms,True,"fix PaginatedView performance issue/bug, fixes CNVS-7309  fix an issue introduced in c95537ba where "
ada0891687b5a17678a47226f1e3cbdd635bdff4,ypcrts/ptf,True,fix bug introduced by in a666341
41abc66af21cb9cab76ceb759822a8d990d1bbd8,soundradix/JUCE,True,fix compiler errors introduced in commit d0c4a8a4cbed4794d34694255d557eab31de1eb8
7c809a11416b531be070b231bdda63c6b68a832a,Intermodalics/ros_android,True,ros.rosinstall: fixed yaml syntax error (introduced in a121628ca059bee3f107263ec20989d0ce081c71)
7ba44c335fc060d12587fd5f860ac9c6aca9ecd4,Kitware/VTK,True,Fix build issue when VTK_ENABLE_KITS is ON.  This is temporary fix for build issues introduced by 42
fe56e4ea85758f024acd981e8e5cbb1af2046ab3,jbush001/NyuziProcessor,True,SD fixes  - I had incorrectly treated command numbers as hex instead of decimal - Made command ident
aded8452398ef8322cccceabdda542153525f6c1,magit/magit,True,magit-list-repos*: bugfix  Fix a bug introduced in 482de8051cbb0bba6e9f6bd533097cc7bbdeb7ad.
2e7b34a4e2a5ee2d63ac7a9ca050f8e1ddcda60a,os-autoinst/os-autoinst-distri-opensuse,True,gnome_tweak_tool: fix more errors introduced with b303ffe0
07d0748494c4320fda49073ba06860c4bcca0f08,Josko/aura-bot,True,game: Fix a huge bug introduced by commit 9a589dc7 Basically clang-modernizer isn't without bugs and
e5b08c0c2e55695c09e604c9d8e0ba109c0fd1e4,oVirt/vdsm,True,disconnect bridge port on rhel 6  This fixes a bug introduced in d6d7db4ca24606d35acafe6e92b1ee031c0
3a44d84b0f0dd7a0596f4854652391538e7a764e,williams-lu/odoo,True,[FIX] models: inherited fields must be copied iff their original field is copied  This fixes a bug i
0cb4907352c7fdc47d601d960e53e27f1253f2b0,ad510/decoherence,True,fix deleting other paths of non-live path (bug reintroduced in 3a9fcab57c945ae10d35c24d67be10775a2be
b5d5d7d33219225e050cc59b1785f2b6f40e8bd9,blp/ovs-reviews,True,band: Fix error in bond_choose_output_slave() function.  This commit fixes the error introduced by c
f4a22bfadd2099b5f5b2c72a1382f380acc6673f,artus-analysis/Artus,True,"inputroot.py: fix problem with empty folders introduced in c0d37abe5b06f1326df167e0345f397f3e26273c,"
0a2b213682ccf3f2641316e44088ec4a99062698,meteor/meteor,True,Ensure that hook.each is called from a Fiber  That gives us enough guarantees that we can simplify t
46e82235514c98171c697cb3ac8a1c11827448cf,ImageEngine/gaffer,True,PlugLayout : Fixed ObjectWriterUI.  The ObjectWriter is very naughty and registers a ParameterValueW
c470daee693e039fadcd545c1212a8d634182dbb,POV-Ray/povray,True,Hopefully fix Unix build error introduced with commit be34de4.
86dde8434a7331ef60472e6ab9c61d93a6583621,ifduyue/Rex,True,fixed a bug that was introduced by b0416b1710611b900284ba5a2d9d74991fc4351b
06aeb7687e0da875040e1fd331cac3c101b4c2f0,tarantool/tarantool,True,lua/serializer: encode Lua number -2^63 as integer  This patch fixes a bug that appeared after commi
9a10863760657e7d44a979a9c7a37527fde631d1,Jeavon/Umbraco-CMS,True,Core.EnumerableExtensions - bugfix f9663a9
6aae64ff8f3f6688a4225d4e8ccecf9dd9e18374,gpac/gpac,True,fixed bug introduced by ef01ee1
d1c4d7f8643260e014dcb73d222650c933c55a61,janoside/btc-rpc-explorer,True,bug fix introduced in e0bd1e11acb1 for coinbase transactions
4d6857a8b2cc658a63caeb2f5239580316646f05,OpencachingDeutschland/oc-server3,True,fix issue with plaintext mode introduces with 9621fb76e14bd661ba6571cb7038bfa7878abef5
f7f9ceb788086a6a80a7ffe0c6209658126902a9,jakobnissen/vamb,True,Fixed poor clustering performance  This commit fixes a bug introduced in commit 9834a4caa042b3509f10
d35acf1deea1043af3919b49c95c206df12989e8,fusor/fusor,True,fix bug on introduced on deprecation fix commit bc16ff4496ec31107222325d29f759b33212e1a2
ae70c837c804a57507b4c3d60757d8767e83c731,pgerber/lo-migrate,True,drop `Sender` in main thread  This fixes an issue introduced in d4fcf1f4ee05. The `Sender` part of t
1631ea89c76f8a24c664b84ebcf875ca35ab263c,performancecopilot/pcp,True,pmie: prevent premature rule evaluation in pmie live mode  Resolve an issue introduced in commit d21
0f004f45d94d62fb182baa514cfbf230c39e7449,aldryn/aldryn-locations,True,fix error introduced in f76dedd7
6102d5e3b170073167af17ccd3d302b078b462bd,ManageIQ/manageiq,True,Fix Ready column value in container nodes table  The Ready column currently doesn't present the stat
bda2675dee6d493b22c180d27e9455229763a631,euphorie/osha.oira,True,fix multiple bugs with pat-clone caused by sloppiness in 321f688e5cfd0bf25f06fe0fd010b2e2a3eab4c2
f1946fbe8300e906c30491387e565f3b58d7f049,blp/ovs-reviews,True,ovs-rcu: Call ovsrcu_init() in ovsrcu_quiesce().  This commit fixes a bug introduced by 0f2ea848(ovs
8055f14e6b43bf613aee9dcc8a738da1684fd2a2,GNOME/gimp,True,app: fix and streamline HSL color layer mode  Fixes an error introduced by commit 45516a0ca9ddbda3ff
b4168498f613db3d908909106146001a9279e732,qemu/qemu,True,multiboot: Fix offset of bootloader name  This fixes a bug introduced in commit 5eba5a66 ('Add bootl
38fc812831e7fbd425164c5be7c53c1ef6face03,vsinitsyn/jailhouse,True,x86: Never write to vmcb->rax from now on  This commit fixes subtle bug introduced with commit 8b7fb
2f32b4790f9670fe8f5b8b3233b2ae8d3a644af1,zenhack/iron-blogger2,True,Split up tests/util  Randomized helpers and example data are now in their own files. Some of the imp
3da25d5164cd69ed1ee83c89b5660917e81faf62,IronTeaPot/react-native-charts-wrapper,True,fix ci error introduced by 6862f13bd
d4aa5246b5c7f47080f936fea2d47a1c03030227,YanShenChun/cppthread,True,"Just include the global zthread.h in testing file and fix the build error introduced by commit ""fe19"
f49f137d413b00c54f3ad498c4b248a3119289a9,lakulako/MediaSDK,True,[tutorials] use userspace drm headers  This fixes a compile issue introduced in 5aabcbec6e2c.  Many 
ff1f8ab4bc52b68c31efb2186ebdcfc0fec3efcb,caleb531/connect-four,True,Add keys to uniquely identify each chip/slot element  This fixes a bug in c2f7d20 where a chip slot 
2645760d198c9a7215915d4d110618c2e61ba9c6,ArduPilot/ardupilot,True,Tools: sim_vehicle.py: fix small bug introduced in e298e87  Thanks to @cclauss for finding this
774d737cdb9b66fe454fc1ee86fd39ed1d02299e,nodejs/node,True,url: fix building when using --without-intl  Fix compile bug when building with the --without-intl o
881ef1bf6bbee14b6d801053c19e23c59c8b3d29,rrthomas/psutils,True,psnup: fix a bug introduced in 6164df0  Rotated size was not being calculated correctly.
a18e2540fb5a15dcbc066ed51d4e98da7a69869f,xiph/Icecast-Server,True,Fix: Allow client=NULL in util_http_build_header()  This fixes a bug in 8941de3273975504aaa00a35d145
9deeaefdbb8ffeec69439e271a97f4cce617da20,phildawes/rust,True,Parser: fix PatIdent span bug  Fix small bug introduced in e38cb972dcf: PatIdent span was incorrect 
2aa45d42f79afeeae8f85c7f6ef8a3d298833fd9,glensc/eventum,True,fix getTimeSpentByIssues. bugfix to 5d1c40d6
5cf9c9264eacec609c423d97a8b1a9212269186f,JetBrains/intellij-community,True,IDEA-140967 Not all warnings are displayed in the editor  fix refactoring bug introduced in commit a
e00531abf0639df474cba8ed30cd1156aa77cacc,g76r/libqtssu,True,log: fixed a bug with error message introduced by commit cbd2bfec7e
bfdde2e9b9bafa2a99732c557fe7d704b6ddd0c2,zulip/zulip,True,provision: Add missing dependency on python3-dev.  This fixes an issue introduced by b21454d05e59a6f
9f94751ab1334862c2b470e35eb1bf59af5347e7,SVB22/kernel_lenovo_msm8953,True,GFS2: Fix rgrp end rounding problem for bsize < page size  [ Upstream commit 31dddd9eb9ebae9a2a9b502
ca52aaabb23a1890482d42b9a595a3dd0e7127fe,weaselp/swede,True,Bugfix TLSA creation  This fixes errors when creating a record:  - undefined variable record (introd
33434713e74a0c2338b145c4fa63d50c9592a73d,RexOps/rex-build,True,fixed bug that was introduced by 6d74ebd0
1b9dc5fa53b9de4f5f4823f3215a5fca1e4cfa0c,arnop2/zephyr_stm32mp1,True,drivers: spi: nrfx: fix a CMakeLists.txt bug introduced in e96673d  Fix incorrect lowercase logical 
7bef4dc19b8eee81fe55aa556f0281de4ac9e9fb,mlude/ansible-logcheck,True,fix problem witrh pattern introduced in 3f0d0b827d5d91ac729e0d2d6786c9426e27033e
f3cd4b1038f132053217f867f9c5f0d39667c4f5,mlude/ansible-logcheck,True,fix problem with pattern introduced in 4f70f7dc549518cb87bef44981dc11c36f5463a3
381c7afbe60a0e6d53e8cc1bca2de920574b3383,openafs/openafs,True,bozo: do not exit when the client config already exists  The bosserver creates symlinks for the clie
70998c5c67ddd08af458f0f29aa5830a0729a0c0,DynamoRIO/dynamorio,True,"i#975 static DR: fix Mac build (#2856)  Fixes a Mac build error introduced by 3bc33154. Fixes a Mac"
9d845b36a93fdec4d9aefe91f062992876363fbe,DanVanAtta/triplea,True,"Add mp3 support - fix bug introduced in 9501cccd, the if and else if structures were merged incorrec"
e301b408f98546fc6d5bfbbe72c16fb59f0ec439,shnhrrsn/laravel-assets,True,Quick fix for minor bug introduced in 6e5fc29c822bf54250a38397426d38887c66390d
53b8e376337a6271ff4a60514b827781defd06cc,jupyter/notebook,True,"fix for #917, a bug introduced by a typo in 89b7d96ccd87d03226b7977b469e69172c39ef0e"
19ba4543179cfca18880d57331731b2f68ecfa40,JoakimSoderberg/Libevent,True,This fixes a bug introduced in 27bd9faf498b91923296cc91643e03ec4055c230  CMake configuration files a
f25c4f5aae968cdeba4ccee3580cbde109d2d2db,sipwise/ngcp-api-tools,True,"TT#12905 fix error introduced at 0b49ec43f3ee  > Global symbol ""@tmp"" requires explicit package name"
75f4c096ddd9d70adf91c45225fa6321081f8ba6,mbukatov/pylatest,True,fix wrong pytest assert conversion  Fixing issue created in 9bdf26eb358f0fc6dae8e6d776d85c71bfa98b5b
03bf9c85c8f0930d3aaee395b2095a8992e9ed5c,avocado-framework/avocado,True,avocado: Fix use of itervalues() in args dict  This fixes a bug introduced by cb751ea5e238cbfab73514
c7d6ccda60493a9e7313246c3855554331b7c8c2,bittorf/kalua,True,kalua: cron.monitoring: fix a syntax error introduced with 4c9113e
93dc502dc19ba5570cd6159b953d024e995e7554,bittorf/kalua,True,kalua: cron.monitoring: fix a syntax error introduced with 4c9113e - 2/2
f31abf82443dc7d450437f2acf8b6369a5034a51,DDMAL/cantus,True,"WIP: Refactor search view and remove result pagination  This (huge, sorry) commit continues a top-do"
f74361e730eaca3e5a59aad0537e710ca49ea4fb,jarek/electric2go,True,fix bug introduced in 262b021b; improve comment  Introduced in 262b021bcfb7d308abda84e148f37d35de381
e670e8135b2098dfe2d6874e0673652d6463f197,necolas/react-native-web,True,[fix] TextInput forwards placeholderTextColor  Fix a bug introduced by 924e891f58f137e363fea19aa9098
8c07e68c4a899d9e156008569a0bf7ccea7c8109,simonmichael/hledger,True,"tools: fixup for last (98255db, magit issue)"
da61ab95bece4c5c6e2791817956d07738657c72,DynamoRIO/dynamorio,True,i#556: fix compile error in 3db7e90  Fixes VS2010 build breakage from 3db7e90.  Review-URL: https://
e6f5316b99afd69a76171e315d3abe2f485cc12d,DynareTeam/dynare,True,preprocessor: fix bug introduced in a4eb8d6b91b3b9d5c0293b78be0678c52c4395a4
be1206baee31319ab4845d0a9045977a3d267edb,timhul/ClassicSim,True,Remove <source> sub-element from <proc> element.  Incorporate its data as an attribute in the <spell
89d38f7db6ff5192876f7fc94480cca47208cf30,itchio/itch,True,:bug: fix bug introduced in 90164b2195a789ae924e17cfde5a38d728af2f67 that marked games as broken
3413f9ae9da6c762c298a6d7c543783fbb58abce,lemoncheesecake/lemoncheesecake,True,"Fix bug introduced in 3e4d341: do not use buggy get_test and get_suite methods (to be fixed later), "
b58f6879f083f5d49f70cd74d00321ef77a2de34,GNOME/gnome-builder,True,autotools: Use the new build function for installs too  This commit fixes a bug introduced by 1c00cd
921116588331abe3ab1dfefdee083c1e6639f719,abhayagiri/abhayagiri-website,True,Fix local_posted_at accessor  This fixes a problem introduced in commit 7c6157f9.
33a550aa23cc21350b82f1c52d0e36080ecbd7a7,radare/radare2,True,core/graph: fix undefined behaviour in event_resize callback  * fix bug in VV introduced by f802bdf3
ddae8c8124ebfb0d5ad4aab9a9c6e2371b3b09d0,WhatNodyn/GGJ-2019,True,"Fix button rendering and vectors  This is a fix for a bug introduced by e9be6d9, in which they would"
64905523dd92bf3ace0bfc6aeed7275e03cf7b00,Proteon/puppet-nginx,True,"Removed include from upstream, fixes issue introduced in c7286c6"
c4eb523e833cf3b7f78ba3d8b5772449672b0c9d,tchaik/tchaik,True,Fix: non-common fields were not correctly transmitted.  This fixes a problem introduced by 73ba889 w
ded918d3a23387f41763de7ecaba8b22379f8dc7,pantherb/setBfree,True,fix rounding error introduced in 87d0ceb      which resulted in too bright leslie horn sound
e37a91a91ca6bdb015da77512c9cdaf954dd8a36,Xinkai/XwareDesktop,True,"fix problem introduced in d7367907838f906f7997c322c5111480e205234f: instead of type boolean, it shou"
4ba90cc43d1a0ddd8c6430d0e46be309eb9123d4,structr/structr,True,Bugfix: Corrected serialization error introduced in 721fe5b7bd29c7a460abfb60ae03aacc56e560ed
09338c4e9a132f2a6a0a4c79254c25b82bdd4626,lesbg/lesson-1.0,True,Properly show subject comments when going through reports (fixes bug introduced in commit 27c7a3ca) 
0476acef4fcabe8a2d8c47c0d5b6dbcaf40d5195,openclonk/openclonk,True,Fix landscape generation bug introduced by 2c7d9c0549655134d4cf3c17511bdd2c3b7a9f20  <Sven2> Your fi
2301c54fa91379f5fe2458e28ed902aff5cf12d2,systemd/systemd,True,network/wireguard: fixes sending wireguard peer settings  This fixes a bug introduced by e1f717d4a02
b9111d54b0f49fa2cb12809e1f62941b426b82b0,I2SE/eagle-bom.py,True,fixing problem that was introduces by 9dae02a30ab88da2e2b79bd3bb6f994d0bc67414: iteritem is not avai
b9f423c9c5ebb198c129c0a8b6a0db3d547634ff,plt/racket,True,unbreak contract system  fix bug introduced in 72c83a32e
d0fe62a322c6c0d45abb13d2fa0028e6632fa0ac,trilinos/Trilinos,True,Teko: fix compile error introduced by e728fc0  this variable does need to be defined if the assert()
f3d581760f775b491c3c3d4c892a080f078b6ce3,petkaantonov/bluebird,True,Bug fix: process.version parsing error  This fixes a `process.version` parsing bug introduced in 9fc
ea741f69cf7bd9dcdc81aa0ed923acff8d4589d9,ZGIS/smart-portal-webgui,True,build error fixed introduced with 59c064e  See https://travis-ci.org/ZGIS/smart-portal-webgui/builds
608ee7af7ec1de83af581665b1498b34e18835f8,Zarel/Pokemon-Showdown,True,Fix Safety Goggles interaction with Effect Spore  This fixes the bug created in 46008ea0a6d9d61606bc
9807310de075bb51c4d01efdb500bd4a1d718c78,fultonj/rhel-osp-on-satellite6,True,Updated doc/install.md to fix formatting issues introduced by commit 923c9b12b6ed604cdc51c955ec3344e
6d4b9ea8140189e853ffa33643c096efbcc1fa22,skroutz/developer.skroutz.gr,True,Use sidebar translations instead of titles for navbar  This fixes the issue with the big title in th
9b907e2595d41de2edac50ec3287f424a7450a60,n01r/picongpu,True,Fix ELSEIF -> ELSE mismatch  - messages for splash and pngwriter not found - fix bug introduced with
81483f9f5dc12adafc45fc549f536c1e18165f99,namjae/rebar3,True,bash completion: fix error introduced in cf66dfd6  cf66dfd6ba introduced a syntax error in the modif
d7d2e4fde3e28cfb7fe0834f5bb1394617c3ea94,DynareTeam/dynare,True,preprocessor: fix bug introduced in 4255be00b8a10226470c4cc1bc5a514ce37041bc. Normcdf is not support
54cb564f666e9065214e54e1802714c3c10fe9bb,Runalyze/Runalyze,True,fix bug in runningahead fix  Fixes #1681 and bug in 85a823c4631655a69e766e352e469b32d918b8c8.
b4ec855fe599b9ac9048957a5bb2e8cd88a75b7d,codemirror/CodeMirror,True,[clike mode] Fix comma behavior  And fix another bug introduced by 329b9e6ec334f9  Closes #4310
f2a5cef28913694a93e350d246b10da3860c6dd0,sebhtml/biosal,True,fix a bug introduced in 5030b8a  Signed-off-by: Sébastien Boisvert <boisvert@anl.gov>
ede3370b65fe0114d66e7dc31e41f1b96c776e04,straccio/firmware,True,fixes double newline parser issue on G350 introduced in 428835a
4d12aae81afbc64cb56f86c7ae3118c755f539b8,efferifick/CMPUT404-project-socialdistribution,True,Fixed Post.can_be_viewed_by to fix an issue introduced in 4cac7cf534e808efaadec5ff77bb961abfe0613c (
d5dff2870414c284dc441e59c8ff4eda38935c59,DynareTeam/dynare,True,preprocessor: fix bug introduced in c9ca46f228c73dc8b85322109f896cc32f446a7c. Further simplify Parsi
3a9169f5eac9f3f6693004e1fb0bf6872b8233db,JetBrains/kotlin-native,True,[upload] fix of pom generation on uploaded artifacts  problem introduced in d488e35219782d78151efdf5
349a3b1cc9023f67f8fa336cb3c4a8f21a4aaaf3,qemu/qemu,True,igd-passthrough: fix use of host_pci_config_read  Fix the bug introduced by 595a4f07: function host_
e23e5991f9acf9686822e624c51e778488c49ae9,meyerj/rtt_ros_integration,True,rtt_dynamic_reconfigure: allow the update callback to change the values in the propertybag  This fix
090182c6dbe425172305181623d595578cbcbe6e,cheiter/CRPropa3-data,True,fix bug in URB_Protheroe introduced in a559a3b610b68bd500cf6128ecf17cde6824071d
ea8ca7d400ffd7835ba47fe1e571075fad4db49d,zephyrproject-rtos/zephyr,True,Bluetooth: tester: Fix UART issue on qemu  This fixes an issue introduced by bab3aafa2d1d687c0fa4d67
177596d2556af23511d59b3b62e64a93620ff394,jeromewagener/Sammelbox,True,Wrote an awesome piece of horrible javascript to handle different image sizes in the picture viewer.
2d21cf728c148ab4a06eba2455878f8592ebeead,blp/ovs-reviews,True,bfd: Fix check_tnl_key error.  This commit fixes the bug introduced by commit 26131299fa5 (bfd: Make
39b5ff49bbdf6639b3ddca8cce5eb379c2fbbfbc,gaborpapp/AIam,True,Fix bug in application.py  This change fixes a bug introduced in 978fa6f6b27fdf0947266b82780bc26ed63
96239a361a6bd761045eb2f06b9614bcf8bc575b,Teoxoy/factorio-blueprint-editor,True,fixed bug with heat pipe connection introduced in d77240e
4fc7dfbe6f667c05883c168112e5d7219b2b3d42,TheAmazingAudioEngine/TheAmazingAudioEngine,True,"Update channel producer hostTime correctly  This fixes a problem introduced in SHA 3bcb6f1, and clos"
121fc4534909ab1ed2a42942aed9813614e6414b,framasoft/ep_mypads,True,Fix #166 - bug introduced in a0a127ab (fix for #163)
ea1e8f5a6ad69b3cebc0226be3a2566367afee64,mle86/man-to-md,True,"fix author url bug  Fixes a bug introduced in commit dae866b.  In the AUTHOR section, e-mails automa"
282ca33ae5a0f40dc494d10d3e1e5100f679ff93,odoo/odoo,True,[FIX] web: fix bug introduced by fwp of #8aee65 and merge web client
6bb3c8259a847d65bb642c9a1f502a487270ae8f,contao/contao,True,"Define controller service dependencies (see #311)  Description -----------  This fixes issues int"
9d88d7fe21d5bf988c3f835363ee49ffbfe22b00,catmaid/CATMAID,True,"Node backend: fix returned relation map for ""used"" relation map mode  This fixes a bug introduced in"
15a3dd6c9007f64ed246ddd1f83c05f524e34faf,openEHR/arch_ed-dotnet,True,EDT-789: Fix a bug introduced by 38af8897e267b9207b42b905b800905e7cb3d812 on 22/04/2014 while adding
0a9f4136600d1721da00c6b7f0c38b0891c5215e,PhenotypeFoundation/GDT,True,Bugfix for bug introduced in 32353ef2d45adeeae356a0c5305a764569241363
4efec97a69438b63b1d38a7d4b95afa58e330daf,luigirizzo/netmap,True,fix various compilation errors introduced by cf9e6c7f0f7f57ad
645cf5ec0fa379cdc21fd9a5673bd41210ae7fa0,ncw/rclone,True,onedrive: fix wrong upload endpoint and createDate #1716  This fixes the problem introduced by 7f744
4b84d169494792cf43110fb3443115b9818795a0,steffen19w23/fossology,True,"Fix non-portable regexp syntax  In some regexp libraries implementations syntax ""... |)"" is not vali"
6cb4991f6b54d5853f11a01dc7faf048a647bee6,swt30/pandoc,True,Markdown reader: Fixed bug with smart quotes around tex math.  Previously smart quotes were incorrec
6e093f17551d6930e387f25e5868b55c019fd957,akhayrutdinov/pentaho-platform-plugin-common-ui,True,[SP-1946] - Backport of ANALYZER-3058 - Memory leaks during multiple changing of chart type (5.4 Sui
b58f769c96462fb8b3b2453ba2aae8c83932f84b,wataash/mruby,True,"Fix line number bug; fix #4513  Also fix the misfeature introduced in 23783a4, that ignores newlines"
5d7faf4c72bb3e8e17f68fb7988317816dfe6dfd,plt/racket,True,fix a bug introduced in efd26833015a  The bug meant that teachpacks whose names ended in the extensi
047b270fd69497ebb0a9462c47dde668880b2df1,backwardn/quiche,True,"recovery: PTO per packet number space  This makes PTO consistent with loss detection, which is alrea"
634041abc5605a8ad8a3153daf81e9d2ef73999f,fortyninemaps/karta,True,fix problems introduced to resample by a2253b189179f27c24113d6a59598b78a12ea2ce
c37a62b751647927ec8d09fd885cf4f36f81255c,plieven/qemu,True,qemu-img/convert: Always set ret < 0 on error  Otherwise the qemu-img process will exit with EXIT_SU
a6955983e1e711f5c487243b7f9e9cf461d612f1,PhenotypeFoundation/GSCF,True,Changes in the way file fields are shown.  This fixes a bug introduced in commit 63ecd6b6d7439aae70a
c65ca4ec1626ee1c35e727c3b70b64c103917312,odoo/odoo,True,[FIX] website_event: prevent crash when address_id is set  This fixes a bug introduced with commit 8
92a7d370429e39a8c785dbe3be4f937d0b62cf12,influxdb/influxdb,True,"oops, fix a bug introduced in 1772fe9. Tests FTW"
8016a44b4d2591a50764731f38c94c58e78a69e2,okurz/openQA,True,Fix use of symlinked needle dirs from outside of basedir  This fixes a problem introduced with 2b8ac
839790985bfe38add96d644ae771da74ce0c5b67,NumberFour/n4js,True,IDE-1579: fix for a problem introduced by commit 477c8ca
19d3ea0f0b4decef347770b9b0d1a74fba4f7776,neilbrown/mdadm,True,Monitor: fix for regression with container devices  This patch fixes 2 problems introduced by commit
706a4014abe9c4bc809b03abd844cd2d9c70048f,xzero/x0,True,"[base] Buffer: fixes a bug, introduced in e7a22648caf2f9551289a8115a33b91180004747"
f320c58aa94425e87a85ae64964652b83c28ae30,medea61/xapp-cache,True,fixing inheritance issues introduced w/ 820cf4d
75d642e542bd222ef15aba9d8c4a3cdddddc61c1,gerbaudo/SusyntHlfv,True,MatrixPrediction: also store the fake frac kin components  Also two minor bugfixes: - fix a bug intr
17fa8748c6e2245683c26eeb4f3047c48767c669,weimarnetz/weimarnetz,True,build: apply_profile.code: fix syntax error - introduced with 6b8ca194 (2012-03-06)
cab8b12df5492d9180e964705efe0d2b453e5bdc,weimarnetz/weimarnetz,True,build: apply_profile.code: fix syntax error - introduced with 203a9cee (2015-05-05)
0611ebceac45f113365af37664d45cf0b5780a1b,jeffpferreira/tpm2-abrmd,True,tabrmd-options: Fix bug introduced in c5e66b78de.  The comment above this function clearly states th
6d6308f6774b4c684de7f3aab12cb752c59d5e2f,systemd/systemd,True,"udevadm info: ""-a"" should enumerate sysfs attributes, not envs (#11642)  This fixes a bug introduced"
1fe76543a71e5e399142ed12a6ffcad676b38bcf,markmfredrickson/optmatch,True,Fixed a bug introduced similar to that fixed in f9c87500
bbf9ef0a04a0a0e0dc92fd1b00d857925a880145,dorimanx/DORIMANX_LG_STOCK_LP_KERNEL,True,"vfs: clear remainder of 'full_fds_bits' in dup_fd()  This fixes a bug from commit f3f86e33dc3d (""vfs"
4f086d7079c88fb1260cce4efb20f0a9126069ee,melissalinkert/bioformats,True,cpp: replace usage of removed MetadataTools methods  This fixes compile errors introduced by 6b31a4f
4f9900cad521c01ba9bdea4919523008c8ed1b16,indico/indico,True,Set session id generator to highest  Fixes issue apparently introduced by ad9ab404 Some formatting/P
43ea511d3061ae996163e80f33170a7f772c51d3,phppgadmin/phppgadmin,True,Processes: Fix <= 9.1 to show only db related processes & clean dbname.  Fix bugs introduced in comm
7426fdb5cdc0929514efd9879c217a8685a9d708,txpmr001/frontend-nanodegree-feedreader,True,fix: Fix test error introduced in 8ab5f84  7. Return the allFeeds variable to a passing state.
11fd6ddec7bf86067ced4b0c058891718ac2f4b7,sbird/fake_spectra,True,Adjust the optical depth to match the new SPH kernel.  This fixes a bug introduced in 4018b6d6fdb5e2
4cded138238db6b3ba8bf208fa3b39f200f7067d,libbun/libbun,True,bug fixed that introduced at 800f8fb716694
a0dca0d9cc8b32c24cf70c19d999312747d0dc77,Runalyze/Runalyze,True,fix elevation correction  Fixes two bugs introduced with 7044af4.
65fcaac9260fd318d3c4b56e6bdfe0f2d6113af2,leancloud/ticket,True,fix: issues introduced in 42bda8
147b280dadc239e137e7eb9a1eb02abd7626ccb5,aqbanking/aqbanking,True,"Result of ""make format"".  Also fixed a bug introduced with #63c8f41fa078d4ca61dedbe75b3c9e232ea1fb19"
ddcba02fd7cc2388b04d97ccd57ef4572faff750,NostalriusReborn/Core,True,"Game/LootHandler: Don't remove stealth on loot type ""LOOT_PICKPOCKETING"". This fixes a bug of b54bdb"
6f68e090dffebc2a08f62cb3def7e19bf1953b69,kontrollanten/algolia-places-react,True,fix(build): fix a bug where package cant be found  Fix bug introduced by da6add1c.  fix #93
07f2fd0eefc06d25ade19e3fca87a8c046db4db7,mendix/m2ee-tools,True,Move mxclientsystem symlink handling back to start  This fixes a bug introduced in bcead2e43387c4d1c
54062494a1fed4c7033fdfd91d285134ab6b4747,jwilling/JNWLabel,True,resolve background color issue introduced in 77a8c7
4284024accfd4876618c1043eddca33ed64ff222,webnotes/erpnext,True,[fix] [patch] fixes bad stock entries due to a bug introduced in commit c46d044efe8f696cf411b6986404
ca9d292ea31b66e55c38810a858cb80960931430,instructure/canvas-lms,True,perform enrollment term orphan callback only upon update  This resolves a bug introduced in #e996c87
ea9a76dfb1b1c10dbe4088cfd452c68205f9f9b9,wesnoth/wesnoth,True,"Display number of random traits with the list, and skip if zero.  This fixes up an issue with dc4470"
45b84f39ba6c0e0b7cbbeef386105a0a8fe3a14b,ceph/ceph,True,osd: fix hb con failure handler  Fix a few bugs introduced by 27381c0c6259ac89f5f9c592b4bfb585937a1c
b91a33638476cf57d910b6056a8fc11921edd029,libvirt/libvirt,True,util: use new virNetDev*NetConfig() functions for macvtap setup/teardown  This patch modifies the ma
65d33e1580240bfe7de24d6b656f2c59cd96e4f6,HOL-Theorem-Prover/HOL,True,fix bug in congLib  fix a bug introduced by the change of REDUCER interface in 3af1cefc94914690ff91c
e20a20ab660a99db8bf3c95e56ff138c0091f333,sdlpal/sdlpal,True,"bugfix: android settings GUI crashing introduced in fac3226, fix #175"
37a14bc2d5066bdcdc24331c6718ccf54fb1afa5,greenbagels/TrinityCore,True,Core/Support: Update the support/ticket system to 6.x  Core/Mail: fix a logic error introduced in 82
59c94fb983b98f826d1919901c894d242e4f43e9,MITLibraries/QuickSubmit,True,Fixes bug with mets.xml  c96f8fc introduced a bug in which DSpace was unable to parse the xml using 
1c6b4f75a006c4411d01a1234cabda3eb4aded1a,SirVer/ultisnips,True,"fix 107: error, introduced in 47d343d"
76f87c24fce01cfd79050961ba744dda94a6290f,dylan-gregory/tiy-final-project,True,"publish: Styling splashpage, fixing button icon issues  generated from commit 0d96cf4409e1a3e4974f0c"
c06344939422bbd032ac967223a7863de57496b5,tytso/ext4,True,"ext4: fix partial cluster handling for bigalloc file systems  Commit 9cb00419fa, which enables hole "
e0155b9bb2b84b9574e587d65cf22f45d124d202,MythTV/mythtv,True,metadatalookup: fix logic error introduced in 5d3d319936513cac22557f9a3969f7210b8ac049
7375dc32764675c84c5702b32351927921d70f22,H-uru/libhsplasma,True,Fix vertex color ordering issue  This fixes an issue with vertex color encoding/decoding introduced 
86e484e674fce6fa3517b954e7955eac7a5b2b71,JoeMcEwen/FAST-PT,True,fixing factor of 4 normalization bug introduced during merge at commit 5e9742e. still need to confir
e17d212c238188cbafbac95c9ab7005956528eaf,sqlmapproject/sqlmap,True,bug fix introduced with 863d5a6281a5e24303d38ea99515bdb128456889
f5cf540d93fad86e1e3f761bd065be28b614f38b,cmus/cmus,True,jack: fix underrun handling issue introduced in ed5234bbc
68bdf181aab55a9ae9e1e3b2cc579404964bf590,OctaForge/OF-Engine,True,fix a stack overflow bug introduced by a718757
d39f7208799cddc1447699dd45867657457e7430,arista-eosplus/ztpserver,True,fixes bugs introduced by 2db0127
3565009b3e7399aab546af05df931028c30b6b44,psychopy/psychopy,True,BF: never-ending loop searching for plugin path that doesn't exist  fixes recent bug introduced in a
84c6d3dbcac86c300e7e6de921af0420a6b72a09,openstack/python-heatclient,True,"Python3: fix a bytes/str issue  test_curl_log_i18n_headers, introduced in 0b730e82b4bf63be1c3acd924a"
1120651daa80cabe7d95e9d37c35db79ffbc0065,paulscherrerinstitute/StreamDevice,True,fixed bug with arrays introduced in commit 9f6d4ab63f886e50c1fd1f215d29868d2d320d84
6b82f61dba6a569a5a2c240d08d3a600fd35b94d,GNOME/mutter,True,build: Fix non-wayland build  This fixes error introduced in 09120132ef87061d527b5324a14ab5950db3dc0
e7f92ba36bdf12de0bfff5d149d4fc1f9a4fdb54,TIK-NFL/ilias-oc-plugin,True,fixed translation problems introduced in 7cd5b4bfc7cdd2f88415c9d854a175779fa4012e used UIComponent f
328683ada3f8897a3156ca927580440bd5217ce6,xwiki/xwiki-platform,True,[Misc] Fix error introduced in rev 16b5635c2b285c6e111f8c1975cc83e5c20ab2f5 when trying to fix a fli
8ca12f10e1606f2060b01cc6a17891dff7d67149,I2PC/scipion,True,"fix error in gctf plot, introduced in 17c0e8f"
0d2ab0b77dd82d192f987ab4e1645577eccd3562,jethrogb/rust,True,SGX target: simplify usercall internals  This moves logic from assembly to Rust and removes the spec
2d6831eb162a6959556c14e12d84229ac2280aad,gfxmonk/gnome-shell-scroll-workspaces,True,fix off-by-one error introduced by 991defbbb15ff9922bc4794802a19b328777aaf8
a7f9b312c46874aa97f2bf96cf116058fbdd1671,bittorf/kalua,True,kalua: watch: coredump() fix logic error introduced with 6e2ab390 - coredumps where not safed anymor
43aa1d901b799cc6aedf5187ab95915f2b0538ba,ifandelse/machina.js,True,"Update lodash 3.x paths in examples to fix #97, fix #99  Paths to lodash.js changed in 3.0.0 https:/"
d8bc5a7ebc151508af094160e2664f24485c81e2,exafmm/exafmm,True,"remove omp parallel for in eager direct, fix bug introduced in deb7594"
2c9e6d738afc60a22a88d311b2ba06046689009f,deltanet/adapt-cover-menu-audio,True,fix the bugs i created in b286ccd
8b532546c905af1168a5d654dc71dda6a5188af5,audacity/audacity,True,Bug2267: Nyquist prompt should allow multiline input...  ... Fixing a side effect of the fix for bug
ebe8eca37957a9009f8627e7dfb82699606846de,webpack/webpack-dev-server,True,fix(server): fallthrough non `GET` and `HEAD` request to routes… (#2374)  Fix a bug introduced in ce
df71116dc567e27f9ae2741427ccb33d92ec42b4,JetBrains/kotlin,True,KtLightElements: fix KtLightMember not extending KtLightDeclaration  Fix problem introduced in 4b85f
7fea7bdd9dccb23d8aa235215b8aefa2b016541f,jandecaluwe/myhdl,True,avoid renaming attribute references twice  This commit fixes bugs introduced by 08519b4 Fixes #82
42ce2c8ef6a9bc1459965f8a5a1e7a87049ef1af,zonque/linux,True,"ixgbe: fix setting port VLAN  This patch fixes couple of issues introduced by commit 2b509c0cd292 ("""
a043624b0bd6266348f6fdb4e3b428b5e99b33e9,shogun-toolbox/shogun,True,fix bug in LinearKernel introduced in 21d55d2467
a20694f85d23962dd1546c6c15cf03fc523ae0b2,saltstack/salt,True,fix error introduced in 15c6aa829c
c01ffb8ec0a8d97f8ee40b0bcec0d2959b861669,NateWr/simple-admin-pages,True,* Fix: always load library files before function check  This fixes a critical error in the version h
57f71c974d750b0b46e44118a11011aa70f3c66c,stestagg/uwsgi,True,Fix some bugs introduced in c57baae4775f4e665b7e158582234ac558a2bf7b preventing the 'mime' routing f
e1ec1fb85c88d8b98ef1c5c0b05abf56586387a8,OMAP4-AOSP/android_kernel_samsung_espresso,True,espresso: power: fix i2c5 GPIOs on bby variants  Fixes a bug in gpio_i2c5 device register which was 
be54a323f3e6fc6df69fb2b40750e954dea3d20f,civicsource/redux-rsi,True,fetchOnUpdate was not evaluating when to fire correctly  This fixes a bug introduced in 914e1e1d4416
24ae6b95be0836ecfdaff8f73c93f038b7db9569,piotr-rusin/yule,True,Rename the main package in test directory  This commit fixes a test initialization error introduced 
39aa13774cc70ff7b6bb11c9404700355cf9b447,rodarima/mupdf,True,"iOS app: adapt to the latest API changes, and fix display issue introduced in 1dec53c."
546827da17fcb56221d523a3264a2e2190b4d030,sergeii/swat4stats.com,True,Fix a bug introduced by 34482a8 by fixing a missing import
e50a68014d0f5206e5d69028eb2e83ebfefa985e,rhansen/rpstir,True,"fix getting pointer to pointer to start of array  According to the C standard, if foo is an array ty"
e7f59dda7b36f52d0e1638a74fca3c8d1ae59a65,saltstack/salt,True,"Check salt.utils.win_functions.HAS_WIN32 in salt.utils.get_user  Commit f3b010ebe597 (""Fix imports"")"
e0d4675789499b5955aa05ef9abc2926b30ba4ba,karelzak/util-linux,True,kill: fix bug in --all semantic  Introduces by 2ab6683f59cd3371b1c3ac8b5c248d5104ed4d41.  Signed-off
5d3d60e88f137183b4155bfa446dc7f3ebb35993,coq/coq,True,Fixing a bug of recursive notations introduced in dfdaf4de.  When a proper notation variable occurre
e63ae630e1a9eda6f331757206b1905f1438307c,rails/rails,True,"build fix, fix error introduced with 091b246bb0111357edbb9703ea342a944b04deb6  Fixes the following i"
6fffb0a2c3e7eb31f2bd45555370e54e945fdf1e,qichenghua/OMCompiler,True,fixed error introduced in 31424fc19ae5b7e29f5a17e102eb4d6e0a29d311
a28a2a29e1c9b349160074522b827308d078b9ba,abarisain/dmix,True,CoverManager: Fix local cover art.  This fixes a bug I created in revision 3b43497.
296721d004dda9f93bf7421f8e0b67d424460734,code-dot-org/code-dot-org,True,fix bootstrap_standalone.sh.erb  Fixes syntax error in brace expansion introduced by commit bf5fec50
09b1164414ff44571633ae76ff113cb80b76d6e5,OPM/ewoms,True,fix stupid bug introduced in 30d1543f0
b309211348b1e59fb1086380fc3aa84cb3481e4d,MrKepzie/openfx-io,True,GenericReader: fix bug introduced in 62eeaca21a445a585f6e49cd635c5631a277e41c  colorspace was not se
c29df5f8a7122fbc9411765156ab42c12baadbbb,NixOS/nixpkgs,True,firefox: fixup ${name} problems introduced in 2e78e19  Fixes #12403. I'm sorry for the problems. Tha
f0a04d16e26fa753378eb5078b5cf087bd212a47,fmarier/browserid-tools,True,Fix for assertions without idpClaims  This is a fixup for the bug introduced in 1de47df54561b12d5c62
46cc1b8c26bcffc548a56ba1d1b295e157b1f44f,allo-/django-bingo,True,fix for GAME_*_TIMEOUT bug introduced in 1bec701
448fe8e09146f25e38edb2a3fdb71f8409864a2e,alecjohnson/iPic3D,True,fixed g++ compile errors introduced in 79161a using macro approach
738529c7dec336718c0b47695e232e428b364cc3,racket/racket,True,fix a bug introduced in 35ce47d97
dbe2a33031e309cae1db3557d39ed189fb78bf73,dimtion/Shaarlier,True,Resolved bug introduced in c24051a  impossible posting due to unchecked url
8aa9a37902db4d78925ac3c887ac9409863f0ba8,zephyrproject-rtos/zephyr,True,"drivers: flash: nrf: Rename nrf5 to nrf  With upcoming ICs that are not in the nRF5x family, rename "
d492a75cfefd9a09125ba2b007c817c1417c3820,qemu/qemu,True,spapr_events: use QTAILQ_FOREACH_SAFE() in spapr_clear_pending_events()  QTAILQ_FOREACH_SAFE() must 
d1d19f790fae38f6ca2a430b235f138c374f42d0,RackTables/racktables,True,fix location filter in the rackspace page (#1595)  This fixes a bug introduced in commit d9bad31.  *
6fbf9a4846eaff4ef3e281aa65dc9d3945ddbf9e,DynamoRIO/dynamorio,True,i#2511 raw2trace: fix bug from refactoring (#2636)  Fixes a bug in 66fa2c7 where errors during raw t
90e9e5cb30d3589a584f4d365c408484da9bdbdd,plt/racket,True,fix another bug introduced in efd2683301
b89414513c844a99569a5eb060522799fd8c185e,sheepdog/sheepdog,True,dog: fix check of snapshot vdi  This fixes a bug introduced by the commit 996751b.  Signed-off-by: M
13b037a680f9ca31d9bf20db9adcc884cd4f619c,sbrow/vr-launcher-server,True,fix(Connections): Compiler errors introduced in commit (835b1e)[https://github.com/sbrow/vr-launcher
354b5ccda0009ea9f3706c88d57b4717c557c144,jefferis/nat,True,fix cmtk.reformatx/xformimage bug introduced in f841964  * reformatx docs say that if first registra
3175a1d97dad40e4f4bb6381dcbfee0895fb45fd,microchip-ais/linux,True,staging: most: aim-networking: keep channels closed if ndo_open fails  This patch fixes the issue in
7b309e7e35c7df87c189136de3dea4e1d775cf50,atmanos/atmanos,True,"Fix IRET switching  This resolves an issue introduced in 90bff8e, where saving restoring TLS when lo"
2c72b854428013ac7516b5e9812bd7899f423556,modernish/modernish,True,bugfix; hashbang cmds always ok; fix '-c'  bin/modernish: - _Msh_tmp_doHashbangPreload(): Fix bug in
010d5cde69d3fd8aba29db8bc0ffbf710f24858c,tos-kamiya/pager-with-less-like-key-binding,True,fix a bug (introduced in commit a89664)
2984b38a492fe542ec5f65fb562234496de7e0b6,pr-omethe-us/PyKED,True,":ambulance: Fixes bug in schema for allowed chemked-version values  Introduced in 6cde383, when addi"
b63e0ae088d1b5d1506f7e39cb8af7619e4fd0a6,mle86/man-to-md,True,fix escape problem (backslash + asterisk combination)  This fixes a rare problem introduced in e13a0
22d9e20a9a45bdefff535b27a447e100f926a4d1,DarklightGames/DarkestHour,True,Deleting DH_BrenBarrel.uc. This fixes the build error that was introduced in commit ac88aa9c.
1bbc9b039a7bb5b8355d4e668d8456c0502dba54,illwieckz/Daemon,True,gl_shader: load specularmap and physicalmap properly  fix a bug introduced in 5dd263b9bfa4a65e6bd55e
09199c0a59439fd623af0b60f98fac9cbce4c2a3,lantw44/gsoc2013-evolution,True,"Fix ""Open with"" problem  ""Open with"" functions are broken after I integrated archives extraction int"
bf32cca84f169a5c8b2d9e9fc9185467245c4b17,wesnoth/wesnoth,True,gui2/tslider: small tweak to ensure maximum value is reached  This should fix a small issue introduc
6f4d6a026f6b7c8d2e12151544f6d59a1e2b96e7,davidsansome/tsurukame,True,"Update the graph as soon as new assignments are fetched, fixing a bug introduced in 6b8a8b5b639675f6"
2454879bfbad68792bd952e74d27a3b1425860a1,sebastiaanschool/sebastiaanschool-Android,True,Dispose of DownloadManagerInterface in onDestroy.  This fixes a bug introduced in cf27461bfaa7879825
c15885a395b18b710258325f830cf26cdf58eae9,WebDevJLProjectsOrg/FrameworkMvc,True,#22  fixes for issues created after commit 1f250f0
9d6650e6672e77482f4643b539c9444442ba4fa1,craigbarnes/dte,True,Call term_mode_init() properly when DTE_FORCE_TERMINFO is set  This fixes a bug that was introduced 
6d20db9138156e2acc189cb05a2948fbae8b2d07,openwrt/packages,True,mosquitto: fix whitespace error introduced with 7a6a575887db81934369f38616d137005ed9ea96  Signed-off
4d319b9b02365e8a9eb32e10311f079e1dcc194d,leifmadsen/kube-ansible,True,[hotfix] Resolve issues introduced in 37da9afa49548852b63135278f125e09d8795cdf
91c7f8ba3afc69f73da16acc673724ff299bc5da,analogdevicesinc/libiio,True,Network backend: fix bug introduced by 4cb089b  Signed-off-by: Paul Cercueil <paul.cercueil@analog.c
82862dd7cdfceda732ed1760d9845c817fe6c107,icsharpcode/SharpDevelop,True,fix a caret navigation bug introduced by 35a81d3e
25c6cc121162e7fdb687cd576cece24157e58994,JuliaLang/julia,True,fix incremental serializer to look at method tables  bug introduced by changes to dump.c in 17348360
7dafeb2bc8748d9fc9334740322bc162250d0051,DynareTeam/dynare,True,test suite: fix bug introduced in f5f71ca8387f9e7d98b171a8112ddbc4f8abeac8
71f112ad0c2a8184284e233964829dd4a662c1f4,embree/embree,True,bugfix for commit ddf6efa0ed5a958b1c2c52b9bed558c358218ecb
f464c780bf402eebadf0d95623b07b776e6a8258,kamailio/kamailio,True,sqlops: fix doc error introduced in commit 7ce1ed71
9a7515ecacfdd0075a8bbac7f99c601e62aa9e60,Miciah/openshift-extras,True,controllers/lbaas.rb: Fix Pool members method  Fix OpenShift::AsyncLoadBalancerController::Pool#memb
82e82bf74c308cd4ff368af20a17c22b606c3bc3,Chairshot215/android_kernel_lge_hammerhead-starship,True,HID: Fix logitech-dj: missing Unifying device issue  commit 596264082f10dd4a567c43d4526b2f54ac5520bc
82db628ac988d7dc4fab95ea5d99425e195d1ae8,icsharpcode/ILSpy,True,fix visibility checking bug introduced in f9da13c
69c757b343b5bbd2543adc4f3f0204d4696515e0,lxc/lxc,True,"lua: fix logic to enable lua support in configure  When there is no --enable-lua or --with-lua-pc, L"
8574f1e8684ea31af6044eff71720de1fd8f4bce,wheatco/website,True,"publish: Add bottom padding, fix other problems on mobile/short screens  generated from commit b2791"
e9ab40824c236a51e8baf066e56f61813e0b506d,wheatco/website,True,"publish: Add bottom padding, fix other problems on mobile/short screens  generated from commit b2791"
fdd586e79f9b723a933a8d30022863649d6a128b,retailcoder/Rubberduck,True,fixed a bug introduced in 31a695c4 - an IEnumerable<QualifiedContext<TContext>> can't be filtered wi
5ce41697bd3ddc19cd6e1e6834751082ca0c8b02,systemd/systemd,True,sd-device: fix device_copy_properties()  This fixes a bug introduced by a3ce813697bcc1c4644e097a2f1c
9b5b4bed1778d16680d97b73a4555568d956e588,systemd-mailing-devs/systemd-mailing-list,True,pull: fix invalid error check  This fixes a bug introduced by 0d94088e4e9e00f5ca9afdb8e68c94558fe232
eebd719f993866991e04d095d6187cf601b9c8e5,ESMCI/cime,True,Fixing link issues on Cetus+Mira after Albany build changes  Fixing link issues with IBM compilers o
67577508d8de4169f3d62c23da0016a481ac096d,systemd-mailing-devs/systemd-mailing-list,True,curl-util: fix use after free  This fixes a bug introduced by c3e658004a66115fa09abcf602d573e65e577a
ade165dab9dcdeecef3a9d29f8839a0a9fc8ce96,mjs/juju,True,apiserver: fix the data race for tls.Config  Each connection gets a private copy of the tls.Config s
613c14946d8071487da3468487af98c5f40da1be,sanjayankur31/nrn,True,fix bug introduced by b85e8ff
a2a01e18b964840877790f6eac1cc236f2e3bb00,johnduarte/puppet-profile_chruby,True,"(QA-2095) Source ~/.profile fix  This commit fixes a bug introduced at `28c727c`. Previously, the in"
a8a97bde9eeada5ce0571ea1650b18f3ebc50e42,apache/thrift,True,THRIFT-4513: fix bug in comparator introduced by e58f75d  This closes #1517
1cab96adb93ce1486533c348af947a150ff7f1e0,slazav/exp_scripts,True,timeplot.tcl: fix error in old values cleaning introduced by 13f0c0834bdd
2bb52c65c2afc449da8b55ded82e271116bd13d8,fish-shell/fish-shell,True,fix bug introduced by 42458ff7  There was one block of code modified by commit 42458ff7 that had con
301f24d02158f1e12a2e7ccdf9970d02ecddd534,hughsie/colord,True,Fix session-helper failing to find argyll tool.  We don't want to free the thing we're trying to ret
c77411b1af3abe62d35c981089dca6e4624cf44c,gaearon/react,True,Short-circuit the check just for getters  This way in other cases both DEV and PROD falls through to
3cc27a5580ea4690fe1e70b0e3af0d61f7acb64c,cstar/hackney,True,fix memory leak  fix memory leak issue introduced in 331c025cf83a81027032f880ca02fd828d975eeb
bbff4bb845dd8559e2925f7414a3456b8622ab9f,lincomatic/WS2812B,True,fix bug introduced by commit d39047a
5f01cc70d3a65a4d904a2040343ca5bfdfbaaff3,NixOS/nixpkgs,True,python-wrapper: Fix fixup for wrapped argv[0].  Fixes issues introduced by 24ef871e6a1c858af3f9984a5
5c1e709825730fb914bbdc47fdfa1d53394beccb,acl2/acl2,True,"Fixed bug introduced by commit f7322e5d85bdb372fffa0db6feb611e1a0ab9a39 (""XDOC: handle undefined pac"
31b9111ef0d8131667d21cebac61c952eebb4322,johnyf/latex_packages,True,rewrite \slideshow to accept keyword args  borrow some padding with zeros from package animate  fix 
33880335759ae46cc23a2a9c3e2c81dbfede3944,Ichimonji10/pulp-smash,True,Drop an unused variable  This fixes a benign bug introduced by eb383cd06144dac7f213478b619572140a09d
559738e3535c1d999c4cf5c2426968cf3dfd4f8b,osxfuse/fuse,True,Fix statfs_x bug when using modules  This fixes a bug introduced in commit ba5744c. We need to track
f5e026bf33596912ada587f9a97054e88da5440e,facebook/stetho,True,No longer search for _dumpapp socket names  This is a cleanup diff to fix an issue accidentally left
b5f1b94bb4ff99f42f67d160baaa7dd27e956e8f,jirikuncar/invenio,True,records: refactoring fix  * Fixes refactoring problem introduced when renaming '_files' to   '_docum
bf16b5cc845f66af2c316f74f2870daaa5a7c214,marklogic/RunDMC,True,#242 #260 fix refactoring bug introduced by 55b8140d2c40d899cda69c270a4774c79f432cbf
6d41fc80e6152a6bf9d062b2a8e835a388ed0062,erbridge/openssl,True,PACKET: add PACKET_memdup and PACKET_strndup  Use each once in s3_srvr.c to show how they work.  Als
3c7a255b143d78490e60c55c00f79efa31f0fbe2,friendlyarm/linux,True,drm/nexell: Fix Invalid clock signal for HDMI  This patch fixup the bug introduced by commit bc0ebd7
100ef60995dc911dbc56b586310847f701a30068,ninuxorg/nodeshot,True,oldimporter: fixed bug introduced in 4deb5ee #210
db9d3bd932eff8a7d14f9dbb974a2e88ce2277ad,karenetheridge/misc,True,"oops, fix error introduced in b569eac7"
eacfd2911274a7f6676509fc8173b66bd1264bc2,nmathewson/Tor,True,Fix windows compilation warnings in hs_service.c  These were breaking jenkins builds.  Bugfix on 580
dd7e5b3e137429d0121f772df48e475a3a265d7d,SibrenVasse/repoctl,True,"Fix regression from handling signature files  In the update command, update would skip files that ha"
c2d9ec20d1ddddd6f24555730c46d2659d724256,francoiscolas/gdp,True,fix responsive bug introduced by 17d742be
5c8cf86baf396e2971b14ab839efb27de02ba060,Slowvoice/ui-select,True,fix: search input width resizing  Fixed an issue introduced by d78ba5f8f6e700143bdf3af1bfda0c05153da
8748ea18e5e38589de89bfa5348ba248bc3311d2,trinitronx/sprout,True,Step 1 Moves git_projects & git_scripts under sprout-osx-git  including attributes and templates. Th
65ae9db41ab70f496dbfbdb26a76952aa42d8ddf,lede-project/source,True,brcm2708: fix build error introduced in 2b4e5d47  Signed-off-by: Álvaro Fernández Rojas <noltari@gma
6d911b8a573dc58969daa1772c5c223e686d8643,PredictiveEcology/SpaDES,True,fix problem with package version in template introduced in 93a5fc8e
86138a4972c4c347413f8461cd06f6a947947dfc,woodsts/linux-stable,True,bonding: handle link transition from FAIL to UP correctly   [ Upstream commit fb9eb899a6dc663e4a2dee
1c528c30f8ca5717c5d9a88dbceb14c31d825036,NathanHandley/TrinityCore,True,Quickfix a bug introduced by 2f19d97 which prevented GTAoE from being cast.
964e319a39abfe3808fded71dcacd296401ec04d,sobotka/blender,True,Fix: Alembic import segfault when importing mesh with null UVs  This fixes an issue introduced in 43
05f918576ea6e927ced89d864c99e9229c954d87,weiliu89/caffe,True,fix a bug in io.cpp introduced in c11e04d
5f6f3429c8cd755cab36de51aa9df4c11d0e7052,tonyg/prospect,True,"Fix the fix for the ""out""-related bug from commit de1dc5a.  The problem was that sometimes there'd b"
25616b9f2bbca3f03dbde1dc81a57986241c1aab,odoo/odoo,True,[FIX] web: repair length field in view list  Underscore method _.each expects an array like object w
b0c778de4578430dd64ba8f0ca1f2b3b0900ff30,rmulvey/bridgepoint,True,job #8472 fixed bug in C_C and CL_IC introduced by commit b634485e74bf1227b55ac2b7f672aa1f96c75420. 
2a108492acd1c9c7be55dedfb7a63b6115fd4c7b,LumaPictures/pymel,True,fix a bug introduced to parenting to world by commit 9982bed6b2beb0db054dface7b8bc82d231591df
c84f487b99d13bffc08e355d8d67535d9f38041e,sCreami/booking,True,models: fix bug introduced in be57521
ab9fe6483f8e689ceca678bb11166ed239a0443f,akka/akka-http,True,"Reenable sbt-unidoc settings (#421)  * Reenable sbt-unidoc settings (#420)  Copy the UnidocRoot an"
1b1d3b79ca2754a11ba35d99745ae959e5e404e6,code-saturne/code_saturne,True,cs_all_to_all: fix issue introduced by commit d1d143f0 (today).
e9791aba2ff1839ce7e383b29da2e0d0eadd566e,GNOME/vte,True,emulation: Track the cursor separately for the two screens  This is required to correctly resize the
1a51bd63d22ab9835f552df40399ce40f2575e4d,newsboat/newsboat,True,Install coveralls on Linux on Travis  This fixes a bug introduced by e7b2dfb066704df35d11212e90713bc
a648fb72eb0dcdcf253cc93ae5b0f67d5deebd87,jzaefferer/jquery-validation,True,CS: fixed CS issue introduced in da8b6b0
4faab1d417fa215f6469aaacd4616ae7ac230066,dgryski/carbonmem,True,Fix trigram indexing bug  This fixes a bug in trigram indexing that was introduced in ff44b284c8d6fd
48b5436698e34e2e4d5c751159d90d25dfc08481,garemoko/moodle-mod_tincanlaunch,True,fixes some bugs introduced in 6ec949693e91e8fe135cd366f3b761868363b456
05305dc0109d488276b6bfa28f1c8f56eb16356c,TrinityCore/TrinityCore,True,Core/Unit: fix error introduced in 8a82a3ba81a187b5c76f4065697925a1da15aa13.  Defense skill wasn't b
b17191a38d9375eb55b09c705b0258fc15b7da9f,lnls-dig/bpm-sw,True,src/dev_io/dev_io.c: fix whitspace errors introduced by 692bbf3968
48edf619e38a39d75ee8d9d058bc07999be27841,magit/magit,True,magit-refs-insert-cherry-commits: bugfix  Fix a bug introduced in 9e62a2195ecc6f3239eef572f4eeab7ac2
bc6aa1a1665469f989a98f02cbdbed53a00a55c0,srsLTE/srsLTE,True,fixing PDCP call in TTCN3 SS  this fixes an issue introduced in 6ec573987a4436c4de5978d1be12bd637eea
95492ecf275e7f3b6daafe6cb84137863323a74b,mario-goulart/awful,True,redirect-to-login-page: drop html-tags code (thanks to Thomas Hintz)  This fixes a bug introduced in
8ae0a45687f03ff6777ad1a1e89d0bc9d0655fd0,seamusabshere/foreman,True,allow dotenv 0.x  dotenv 0.11.1 fixes the problem that prompted 5c946e2d558ad1b22c6ae2ec0789a72dfbc9
511da67a8e6f08c8ca2e5b68ec3f01c323b561cc,duojs/pack,True,require: Fix circular dependency loading  This patch fixes a bug introduced in 8d6c6264cf87db9f39788
ee5c48e6e81b9568cb29a744eb021988beec0305,sCreami/booking,True,controllers: fix bug introduced in ec5ea30
572fcbeab0b2892dd7e3e716b7de3cae728757e8,bnbeckwith/writegood-mode,True,Fix Version and Last-Updated to use new policy  This commit fixes versioning issues introduced by co
3ddb1cb1b852e1e23e23aba720c45fa4e956ae3e,CindyJS/CindyJS,True,Correctly obtain used fonts from KaTeX box  This fixes a bug introduced by 8be4849eb678d3a8e8db6ce2b
66fc65e1d3c8baa4d574ab96665c4e94bfeb71f0,jonasjberg/autonameow,True,Fix broken unit tests after 'Repository' changes.  Fixes a bug introduced in commit ca4779cdb7e62359
470dbcf7666a1fbd379406f60f678e36e9b5996e,agda/agda,True,"[ Fixed #1388 ]  If top-level module declarations are indented, we do not allow trailing unindented "
996b93b4e6f095719fa5a30a4631eef1ed5a992f,slipstream/SlipStreamUI,True,fix: bug introduced in 1c18bfeb106975232c716376b9c3d73d76c5cb03.
260ce76b28de93f2ea20d38210f341507d5f558e,maxogden/csv-write-stream,True,fix typo bug introduced in 3a41f6e6  retained backwards compatibility
24072d36bcf6bb4bc84a2e1bbe0b3331c50c545a,systemd/systemd,True,journal-gatewayd: bugfix for invalid level case  introduced in cafc7f91306ea17ace4a6c3d76d81c8780c87
d4e54f3d4bf31d30d6209f9ddafaf56e2883025a,datajoint/datajoint-matlab,True,fixed a minor bug in dj.Table/re which was introduced in 0f2f4a13df7821. This caused CURRENT_TIMESTA
64a537438a7e57e54f057190e8f3c2dad4c04bcb,nexAkari/RocketMinsta,True,A crude fix for some fixedmakevectors() problems introduced in 3debffd7. Got a better idea? You're w
707856c64f1332f261e56eb587868892290c0ded,cadrian/Liberty,True,fix inline bug introduced by 97c360e632e92d72a8e12c12c7aa841641dbe8f5
284cd9c555d4717994ddc05c92c0c8bb224b262d,daitss/store-master,True,fix the problems introduced by commit 62cfe2a76efde90d94d19e02b920140ca36a576e
a007de637c95df96ccd38cef3c60574a89c54dd0,cyroxx/EvaP,True,fix for bug introduced with c9953d259af573c732e3fb520bc74db2587aa42f
36733a891fb56594fcee580f667b33a64b990981,paulusmack/ppp,True,"pppd: Fix a stack variable overflow in MSCHAP-v2  This fixes a bug introduced in 08ef47ca (""pppd: Ma"
f4d03f6e10868cbc0472417a3fc4e3ebe9a15fe7,akinomyoga/ble.sh,True,complete: fix a bug of ble-sabbrev introduced by 77d459d
7260de61c472536ef9d79c1a4bad1a3bc2f50f6b,digital-asset/daml,True,"add more information to collect_build_data output (#3996)  This commit: - fixes an issue introduced"
bdffe51bade6b35e46bb5f78cb3be77c8310e4c7,opentrack/opentrack,True,"spline-widget: fix rounding bug introduced in a3b890b9b4  Since we're already adding snap_x/2, trunc"
c1a387f80c737c107e249aedca1d832ccd08cc05,b4b4r07/zplug2,True,Fix zplug.zsh not renamed to init.zsh  This fixes the bug introduced after fd4514b5e2b9ddbec8406b656
4b10fe5d1ea40fb8bdeb3ec832e114668a9e7308,dCache/dcache,True,Fix several issues in recent alarms changes  The patch fixes several issues introduced in ff5e042349
e5b029147543a9c58d427f6b8d2a93ac47fccee4,ZuBB/ash,True,fix(task): fix(task): do full set of checks for unknown/empty inputs  This change fixes a bug that w
d2647ea6070753c8d91e2a6956205481bece070b,umbraco/Umbraco-CMS,True,Core.Cache - fix issue introduced in 761354d
0e08a1af47897bb4b0f3c02b9ce5eaa195e405bf,translate/pootle,True,Use real value of similarity when suggestion was added instead of 0  Fixes a bug caused by typo in 8
cb4eef54a4752c7d76d191488242b2e0b6e843fd,umbraco/Umbraco-CMS,True,Core.Cache - fix issue introduced in 761354d
55d6ac8cfa89ca16b1e9642f09febdf41dd7e1fe,redsift/ingraind,True,buffer: don't discard metrics when max_records is reached  This fixes a bug introduced in 53a432fce7
2210bf62973b1f8cfea553c440a57c9c5bf3c958,hemberger/smr,True,preferences_processing.php: fix Cell Phone regex  Fix an error introduced in 84a75b15f6d4283f4b069f1
fb4437ba16f4f8273898b40e03a3fd3041c0a7b7,Automattic/wp-calypso,True,Signup: Headstart: Update the provided dependencies in Headstart's `domains-with-theme` step.  This 
fcd5c61cd4ea3d1a0a14260e2b3443b0292b19cb,libvirt/libvirt,True,conf: fix formatting of udp chardev attributes  It is possible (although possibly not very useful) t
4d8512eddaa72c5fc6256ae8e44a59729da06cd2,datajoint/datajoint-matlab,True,made dj.Schema/reload compatible with a future fix for mym's issue #2. Fixed a table declaration par
7ddf35374ab225e26ff53e53e6ce1d9613847a2c,abrahamson/HAZ,True,fixing error introduced in commit c6e8887 that impacted ST 2 and 3
05c2386af4355d132c655bfa0155ba99ed38e337,graik/rotmic,True,fix form saving error that was introduced one day ago in commit 4772d39bcc41f0091f7295a20243bf6ab636
bf08ac8caf4cc5964037fcad779d99fbb1756392,mongomapper/mongomapper,True,Add spec (and fix bug introduced in 377754dbcdf9c877cc1680b50b3d5b8c33ff80d0) regarding merging Pluc
ee9c19b406444a9bad3ef971d7862c8162ebcf6e,aleksijuvani/unity-vmf-loader,True,Move UnityThreadingHelper back to the Assets folder  This fixes a bug introduced by fffb903c95d854c6
8b544c29648b6f40a3b7974624c965b32f1ed84c,sivachandra/gala,True,"[README] Fix a formatting issue, add back a line which got removed mistakenly.  Both the changes fix"
740b090b658b9a134ffd2f18ea16035e62a6dc9d,yupinov/gromacs,True,OpenCL: use new defines (*_POW2_EXPONENT -> *_LOG2)  This fixes 'error: use of undeclared identifier
9740a26f7f05adb6289f0db8c01007ee1394fb5e,mquinson/simgrid,True,[Bug Fix] Resolve compilation error introduced in 20984b0bb3a1e3e5e213963d9182b1c15baba23c  Some min
07f8f482ca287d5365cabaf1208594616185be1d,meffie/openafs,True,volser: Cleanup server and partition name formatting  Introduce the servid2str() and partid2str() he
0887292a3f7928d817282b0266da9be40040c3da,Sable/soot,True,fixed some compilations issues introduced in 70435f456d73b3ee2e555b8b4ec46df0b4411951 and added more
82fb8420a53abded9d25502be8ab92d544b860a7,lnykryn/systemd-rhel,True,rules: fix memory hotplug rule so systemd-detect-virt does not run too often  Fixes a bug introduced
45b26133b97871896b8c5241d59f4ff7839db7b2,PeterHuewe/linux-tpmdd,True,"ima: fix ima_show_template_data_ascii()  This patch fixes a bug introduced in ""4d7aeee ima: define n"
64d2305891e67e109b231bf03e15c9c06bfad5f7,Kitware/VTK,True,Fix issue introduced by aa3330f4  The had unintended side-effect in UniformGridExecute(). This fixes
ba44a9996e2e9c05b240cf3d4980108b9988ef97,mvdan/sh,True,print: fix indentation bug introduced in dd623a9b  When multiple indentation levels are added at onc
4b3fc484c4225e916999b272f1c435238e935a51,flavioamieiro/AlertaDengue,True,Fixes bug introduced by me in a28bc4bf5  When changing the logging for #170 I inadvertently created 
743dc9f1d2545816ad265af1a0a3bda2cc1c790a,trilinos/Trilinos,True,MueLu:  Fix build errors introduced by 882074998a4.  @trilinos/muelu  Since the coordinates are stor
4e1d87f20a0042ad8b7208f55e1ef29af5cdb91e,apache/fineract,True,fix broken docker-compose set up (re. FINERACT-773)  This fixed bugs introduced in edc9e030e10b9f7f6
deae13386b7dac5d05a310c45034d70718c38020,benjyw/pants,True,Fix test bugs introduced in b22024802.  That change turned on artifact caching globally in tests. Th
409f2a8e3b2706c8c6c5e345a4bc77fca8ad7105,knarflin/Linux-iptables-with-modified-NAT,True,string: fix wrong pattern length calculation  This fixes a problem introduced in 37b4bde745698bf140d
c3e76e5e09e69ff78b5edde63959d86b2af0115e,eayun/Documents,True,admin/data-center: fix error introduced by 1f207fefc  Signed-off-by: May <sirhuntthepure@users.norep
adbe6991efd36104ac9eaf751993d35eaa7f493a,torvalds/linux,True,bio-integrity: Fix use of bs->bio_integrity_pool after free  This fixes a copy and paste error intro
d1258014722ad7248ec9d46df933d2ec69ac72f3,swordxx/swordxx,True,"modules, EntriesBlock: Multiple fixes to bugs introduced in 5cb8be2c20."
0400df37aa1dec24ab0d325a2d2c82be6ff7b1bd,zero-os/0-Disk,True,fix broken master: crypto key nil dereference  this fixes the bug that got introduced in 3b1425b
5d9a6422577d95c242f45f48c47b431f7cf3c548,flutter/engine,True,Update selection base when deleting surrogates (#3558)  Ensure selection base is updated when deleti
4c95e165c6b5664d4617a3cf716aa556b4e8d8e5,snarfed/webmention-tools,True,fix bug introduced by f29879a29617960f3a680cba015af2858d0cd167  break only breaks out of one loop :P
6ab49ea7f686fd319cf5398fded28d13d14447e8,slhck/ffmpeg-normalize,True,fix for problem introduced in 304e8df
0e24ba962edee40d9fc98a24e6c3a6581f2a5a65,nmellado/Super4PCS,True,Fix stupid bug introduced in commit d2d82e2. Should fix #16.
7a042d3308f81b6d8cbdea5d5f1aec85c06458df,SchedMD/slurm,True,Fix qstat wrapper script to return 153 when no results found.  Except return 0 if using the -u argum
bc7c679434a5114967ad05458aa61d9152b6ee99,trevp/tlslite,True,"fix bug introduced in 6568ad9  TACKs are unrelated to NPN, so we should check tack signatures when t"
45f833a27fe536607b91c5270c23100ca7d4a9f2,RequestPolicyContinued/requestpolicy,True,"fix a bug introduced with 2d0461f  the bug was related with the ""other origins"" list. when it was se"
8e45e2e2109959b209149ed8bcd3a6150a164760,gahansen/Albany,True,fix compile errors from bc84554
90fc893bef4caa2260793b672ad8ef29f1d7591c,eugeneia/snabb,True,core.app: fix bug in #766 introduced while merging 6cac870a.
20499c945572342cfae9b340d26de832e244bc3c,enclustra-bsp/enclustra-buildscripts,True,Fix 'disables' parameter spelling in config files  This fixes an error introduced in 3bbe62b where t
8fdebdd06c4b2d4c88f78aed421c3f27ee8c5343,Whissi/linux-stable,True,perf/x86/intel: Allow PEBS multi-entry in watermark mode  [ Upstream commit c7a286577d7592720c2f179a
341633e26df47ab15e2834c2ac680f896d217148,hoburg/gpkit,True,fix errors introduced by 5473d92f87fa8bbe39fa125f8a8dd8e7ece7464a
b70b28e0dc71119c5dab55adada03ec075fc61ae,ismrmrd/ismrmrd,True,fixing bad resource cleanup in ismrmrd_read_header  this fixes a bug I introduced in d448ea4550841d9
3c05d77cf5b0b2891710f663f709942a5d0f0e42,ImageEngine/cortex,True,Fixed IECoreGL PointPrimitive test regression.  This fixes the problems introduced by 5ef1dcf77bf48b
2e414f8f122d2dffeab84b4d12ad959d94bc211d,aviaryan/PopularMovies,True,fixed a bug introduced in 31540ff
db6aaf4d55f95dcb6b162c3a59b56eb1e85ccdfe,torvalds/linux,True,"drm/i2c: tda998x: fix audio muting  Fix a bug that was introduced in commit c4c11dd160a8 (""drm/i2c: "
e30b2e4f921e1fd64bc34f9aa8e9421e1d850cb2,adulau/cve-search,True,Bugfix for bug created in ff9389a3b68b2368c10ed31aa2073852b6064723
a43011d77c26b0a371565ffe284611091cfd1de3,manuels/rust-openssl,True,Fix probelms with DTLS when no packets are pending.  When using DTLS you might run into the situatio
204eaa5b0b3f471e407cf6142ea4991045a83176,I2SE/eagle-bom.py,True,fixing error that was introduced by commit #90041be that caused lines with only one part to have gar
b46cebf80a7bcf9833fdfbd23ee2ee7b41c66463,openstack/puppet-tripleo,True,Pacemaker: only create DB on pacemaker master  This fixes a bug introduced in 72fb6727951af2cf5b16e6
20bf7f0ae0b06a9b0001f666d520e31e17f2fdd0,i7/kerkerkruip,True,Fixed ordering of extension include directives to fix issue introduced in 807f02319329786336e279e370
0a250a825e22b61085b064b4f6bba2bfcccfd3e3,bsmith89/r-docker-tutorial,True,"Reorganize stylesheets, templates, fix bug introduced in f698d9e"
1e9fc1e7aed34e48c04e0ec437a4520b66637e1b,sbabic/swupdate,True,handler: fix build error  The build is broken if CONFIG_HANDLER_IN_LUA is not defined. Fix error int
f91b1732d59117a808bc1548afef6ed67e4850d4,sraboy/7kaa,True,Fixed AUTO2.SAV bug introduced in [ea7e7451230de Sys: Add detection for a game config directory].  T
eacd64f50d63764187f3973c047e593846d0206e,fratajczak/21sh,True,"fix bug introduced by ad1123 in heredoc history  when a heredoc was recalled from history, the delim"
e3a8e716811f6d0e8b5ba29c725796d083c40ac4,kfogel/OneTime,True,Update pad consumption when doing the new fuzz skipping.  This fixes a bug introduced in commit 52e2
0c96c89d6726e855faf3b2e3d615d058a4a9fbe6,inbitcoin/c-lightning,True,db-fix: resolve crash on fundchannel  Fixes error introduced by 1dbdc74bc where a new fundchannel ca
9775319141e4a8a80562552cd2a0a86b245aac8f,SwartzCr/privacybadgerchrome,True,fixing some issues with gcommit 39d2413642a5d36c5157488c46c9fa05304caa41
1906cd8e68324b9461572959816187a8e0abf5fa,Zeex/sampgdk,True,Fix bad params in OnPublicCall()  This fixes a bug introduced in commit 0dc90c645e0d73d1c92a51e8efd2
f7797a5bffb80dfe82f28eadee261e0fa245223b,lnielsen/zenodo,True,github: badge fix  * Fixes problem introduced in aefea2e5fa6bfd2e5dede15a8c89deace5853a53   causing 
0885fdff11ad33f125953a7eb7d1e86af3156693,interpretation-experiment/gistr-app,True,fix/helpers: always trigger commands for a route navigated to  This fixes a bug introduced in 29f2f6
b2d5757831e2b67d87d3f80caa7f4ec10fce142b,bminor/mesa-mesa,True,mesa: Include stdint.h in mtypes.h for uint32_t symbol.  This patch fixes the MSVC build error intro
ecfc8e0b3df568949ce82c9d46f78e55b2edf249,NightWhistler/PageTurner,True,Title-page has page-num 0 again.  This is a fix for a bug introduced in 9dc75038618786d9e4ae64b84a8f
f1cf048235cd6f8671de2f4d72ebfdb8759a5a5e,firebase/firepad,True,"RTCMA#setOtherCursor had bugged CSS expression  fixes “SyntaxError: DOM Exception 12”, introduced in"
dfe5783f1c3e0e7526bbab36b1afcf889766db0b,sergev/pic32prog,True,"Bootloader mode: fix a few issues introduced by change a1d322d (block size, devcfg access and others"
bf21861e89e50caad342043d4dcffdd30d5e9434,diffplug/goomph,True,"Fixed unused imports, and fixed a bug I introduced in 7434506f7fd3a069f899c1d535eaf0a876306c6f."
90c49fb1973e0095a658a139ddeb67ee6bc265d3,eschulte/epresent,True,removing the newline trailing after comments    This closes #21.    This fixes a bug introduced in 2
cbd81de251f1eb6bd973e80d5edbbc515d37cf3a,BrentBaccala/sage,True,Trac #25494: kash: fix bug introduced in 6e888c
c59e705013003dcd2f182cf5316a853a3729f176,xycaleth/OpenJK,True,Rend2: Fix objects rendering as pure black  This turned out to be a bug I introduced back in 8325f6c
c41fbece667088409d6ebce617f5ac2f03cf1dfb,floodlight/oftest,True,"testutils: fix flow_match_test when exp_pkt is None  This fixes a bug introduced in e4b384df, which "
032e0f2ad84fc8a5a0689ae970637a246c948311,ranguba/rroonga,True,accessor: use floating object mechanism  It fixes a crash bug that is introduced at 5976731352ed992e
cd195e70230d63bc03415a0d449ca1821abdf628,zack-vii/mdsplus,True,fixed error introduced by change made in f18f13a
fb9324ff93a0b1a409979d413df1342f5aa72ee4,Enalean/tuleap,True,request #12981: Git 2.12 is not used by Gitolite 3 on recent installations  This contribution fixes 
8b9484f5791a1ce4c7d914e0d7d1f607863c7b0d,open-power-host-os/linux,True,"KVM: PPC: Book3S HV: Fix build error in book3s_hv.c  When CONFIG_KVM_XICS is enabled, CPU_UP_PREPARE"
83194f4fa9519c6fb974bd2510b83d4732f18fc8,JuliaLang/julia,True,Fix various details about strings in docs  The references obviously did not point to the correct pla
e1b438378533eb8c7c8264efeea11d04d2815ce3,formare/auctions,True,fixed a bug that was introduced in commit ad75bfb42f47c6fc9fd731be6c7d5887a2624137
4dbc255ad5d6313a5a6badd0310362e1e03789ca,Freeyourgadget/Gadgetbridge,True,Pebble: return the current position to the caller of the getCurrentPosition function.  This fixes a 
2b84a5183684d8499131d99a2127a32cebef13ae,GMOD/jbrowse,True,"fix another bug introduced by e068cca8faee253f273647adb14c4ca861c14e60, fixes #357"
586e524a5ae5f853e265dca2fe08ebed5a89c0d5,neomanu/NeoKernel-MT6589-A116,True,"Fix errors introduced due to ""printk: rename printk_sched to printk_deferred""  d07ef0f6df9f9e48406ee"
09b72c129ad5e865badd82bea0647317fa56d084,indradhanush/U1DB-ZeroMQ-Transport,True,Fixed bug in u1db/zmq_target.py that was introduced as a typo in commit 0a7caa13de9e9264ec8070821d68
b339fc6dbb34d685212599f06efdc17029a06b95,topnotcher/gforce,True,mpc: fix a logic error that prevented pkts from sending  Fixes an issue that begin with 4cf1605299c0
307a0f14cb26089bedb65a418a71953a35a9a144,obormot/python-awis,True,fix single Url queries (bug introduced by commit 984cdf7d)
d3ae2fa542d5bd66434bb727c53b3ab41e49be6c,rubber/rubber,True,Hopefully fixing a problem I introduced in 74d5831310fce5b070ea6f7493e8f88db2f6213f whereby I was cl
78d23a3263376611d7b065944fd7a5597bec025c,adamretter/exist,True,[bugfix] exist.home is not in src/org/exist/system.properties. Fixes a bug introduced in 3dc5041
74bd3f39b1a8d5962de20ce9c7d656d0a15d9dcc,s3rvac/retdec-python,True,Fix checking for script versions in tests in Python < 3.4.  Python < 3.4 emits the version to stderr
10918292f82e1d6a759e5220e8c7d5efa6c12845,FedeDP/ncursesFM,True,fixed a nasty bug introduced in 501881197627e70b68107a13ca852ff1008cf15e Switched from ppoll to poll
c8c318510ee18bc79985c72e881ca68e3922ecdf,KiCad/kicad-source-mirror,True,"Pcbnew, zones filler: fix a bug I introduced in my commit b1803bc."
88b1a20ddbb1dd66864c4b689262668e84da98b0,lazyfrosch/puppet-lint,True,Fix autoload layout check to allow vendor path naming  This fixes a problem introduced by b91d0058da
ca8bc5d22acfabd0b8f618d44f30f8ab1d4e12ff,Oslandia/SFCGAL,True,changed/added LGPL in files previously forgotten fixed bug introduced by relaxing validity constrain
9beaaf14365459a028ca647488822f31bc2a26a9,curoverse/arvados,True,2800: run_test_server only uses tests/tmp for real Python tests.  tests/tmp is not available for Go 
8b0238c064c8a7465f2c65c40a05be2a6d980636,MaTriXy/Paginize,True,fixed a bug I introduced in f2dbecb84ec45427f76bf02fc29fa1a8b2c9dd2e. mCurPage should be set to null
d5b8442aec8a77cc19148a86170d38bf69576221,eugenemel/maven_core,True,fixed truncated spectra bug introduced by dedbfd8a  enter the commit message for your changes. Lines
e5ced3da7e600bc424edaf9c971fd9d193b122d1,pseyfert/tmva-mlp,True,"fix index error, introduced in a8c98d35c23d18ccd803b3306cb4e023c2fd4020"
e538ad9a1d79621f4a28a8ab24e5f85dad06e12c,rhinstaller/efivar,True,Make guids be in correct byte order both in text and ram...  This is all because the EFI spec define
8a1a94be3f4015df93275c113808bce99567641d,cheton/cnc,True,Fix an issue that failed to start Electron app due to a side effect of commit c9c78d9 (resolves #102
1ffff57e44a4a507786f5626070d9b1f3e371389,docwyatt2001/babeld,True,"Fix parsing of source length in filters.  This fixes a bug that was introduced in commit 4f4e3cb, an"
8d59c48acc468dddffa92dbb44ce2d614f1fafbc,Rela-X/rlang,True,fixes error introduced in d51fc41b90784f71454c2478d153dab9b53ae690
1f7ffb5de93d02bfe63086d18854b358ee1f5cd5,gwtproject/gwt,True,"Unsupersource Java7Test, and run Java8Test if -sourceLevel 8.  The Java8Test will run if -sourceLeve"
97c111cffc5fd4f0a3628af8190eeaff50f753bc,wikimedia/puppet,True,cache: fix syntax error  Fix syntax error introduced in e54d010  Change-Id: I2a3b26269a574f6482cb02c
7ac8c6fc848ced22fd0e67f7f7dc9b5eeeeb9b0e,strongloop/loopback-workspace,True,Definition: fix loadToCache to return `id`  Fix the bug introduced by 47837ff where `Definition.load
9b648e701da86bdd772b522b2a1ceb0ee95ed6f3,transpect/jats2html,True,fixed list list→ul conversion bugfix from 7c71c7a
b83f28283ff9254ab59cc99752eecc643f20ef61,datajoint/datajoint-matlab,True,fixed a bug in dj.Table/re introduced in 0dbe12ad
cd06b880461cf1e2e4e08375d05f8222e3523030,cfoellmann/black-studio-tinymce-widget,True,fix singleton error introduced in 82c16aab5c61510f46eed80fc79110f071ad9e35
a4513320423a388ed55eb0754353f46b10d05a99,dspindle/linux,True,ASoC: samsung: spdif: Fix DMA filter initialization  This patch fixes issues introduced in commit 73
56d5b2a68db714f4547a953e8d0e16312f56de24,Plaristote/crails,True,fixed issues with crails-odb introduced by d4ff9c5
cc473a58a0c9ebc4a3a1744bf3152dfdf8cf94ff,msakai/toysolver,True,fix documentation bug introduced by 8c6dce98c83175fb33e07ec9b4f3af54ef8411b9
ad4356854bd30cd0f3f8f23db5d81c10d6758bd1,pdinc-oss/CipherShed,True,"fixed wx 3.0 vs 2.8 issue, introduced in 3d689ef6 Error fix regarding wxStandardPaths  * Get returns"
8b2049abfef423d37670f7ae65e471839856ea68,siemens/JMiniZinc,True,fix(diag): avoid NullPointerExceptions  fix bug introduced by 244613573ba49ba86e7182be6351652203b44d
b49a7fbc3f3b0d14d30a17fd2bfd303de3a8c2b3,ljharb/is-typed-array,True,[Fix] fix bug introduced in d6ce63d36250fbaea48697ab14a10c356d3c098c
0ee50a55117e3baeef6aea422acf5bf56a69e82a,rohgarg/dmtcp-1,True,restart_script: Fix a bug introduced in 9a02dab4  This fixes issue #589.
d109af9c7e2c4ded5282af9a1411cdb017d9658b,AloisMahdal/preupgrade-assistant,True,Fix syntax error introduced by 7e33cfab  fixes #77
da53a2968c8cd8a00c6a54284c1ebf943da71a2d,Sciss/SoundProcesses,True,d'oh - fix another scan-event bug introduced in d0bb9fe83bd8c3d7249e8a8ebd9fb114b67c4639
0701678cb210514bdd6f677c02a07177eb0bd951,coltekin/TRmorph,True,fix a bug introduced by an earlier bug fix (9653b12).
c4a60a3f9e098cbda8f3d47714f91ec7169cde89,emacs-helm/helm,True,Fix issue #1649 introduced by 4e64843b fixing #1648.  * helm.el (helm--set-header-line): Do it.
41024fbb0ab6fed1563aec6644370162dece701a,libretro/RetroArch,True,Fix conditional jump on uninitialized data  This fixes a bug introduced in 862cf481081f58e3961c6dc14
4c73a2f8fcc8a914787a184cf20f79995eb7891c,OpenLightingProject/ola,True,Fix licence problems  This fixes the licence problems created in 20384bf
9d396d2e426b9a765de0b8999aa214f1259633e6,NixOS/nixpkgs,True,lib.commitIdFromGitRepo: fix support for git-submodule  Adds handling for relative references from .
c814a5465b8f4f72fe8c91f8461258f68ebd1ae2,lobid/lodmill,True,"Update default tokenizer to ""standard""  We formerly used (implicitly) the standard tokenizer. Using "
65bc9b2c1fa89f35f0dc664742996d4742ef35f5,tadeck/onetimepass,True,fix for Python 3 issue introduced by commit 0f48cf1ee324bf5fd21e2a97acd5b144ebd77f3c
e596fb69b1d9224321bfd2ae0775d95926217763,systopia/de.systopia.signatures,True,[#6] fixed issue introduced by attempt to avoid notices (b00c25b1a8208d98a06bc70f102c2e017971f6d0)
8a25a51e42cdaed2c66dc25a6c6d0245441123a3,ceph/ceph,True,rgw: fail s3 POST auth if keystone not configured  Fixes: #10698 This fixes issue introduced in 8b3d
858cac50b965c1712b4ee8c4b3dbe60c7e27388c,gaborpapp/AIam,True,fixed rotation bug in BvhReader which was introduced in 85b350a48dd738c559cbc2f48bb2d55a55c51da0. th
9fe1885fded9e85f26aada8179e23abf49226da3,msantos/verx,True,verx_client_unix: fix compile error from ae2cec
65c4c7d850010049562e27c40639aba1d0526ead,crobinso/libvirt,True,qemu: cgroup: fix cgroup permission logic  Fix logic error introduced in commit d6c91b3c which essen
118ddc0ebe7b617cd5cfc9f85a3af15488e84f77,vdrhtc/Measurement-automation,True,"Several changes, read extended commit message  Fix bugs of features introduced in 7658bc9f6b06459f22"
3f73a9065b7c430e235eb1fb2e33610ed14b2e8c,Runalyze/Runalyze,True,fix avg hr in plot  Fixes a bug introduced in 024562499d8ed8217e883b705d3442179ea2bd62.
061be1e373fb2f2739e1e1e540631857ef63dbd0,Runalyze/Runalyze,True,fix avg hr in plot  Fixes a bug introduced in 024562499d8ed8217e883b705d3442179ea2bd62.
1ee9af44aa09f6bc64847ded2fc8d377257bd90e,hahnicity/Skier,True,fix bug introduced by 2f6f5accae255d43af885c12e3582821d5023172 plus fix error handling problems
98c6bd76306db8d0cb6428d1e60d132c965132ac,jjj11x/yosys,True,fix bug introduced by not taking all of PeterCrozier's changes in 16ea4ea6  The if(str == node->str)
0fbbe4a5511a7e8f564cd960edfa37e8c0bf3e59,Mindtribe/cpputest,True,Moving the test source files to fix error introduced with 02513e803535 (pull request #1059)  There i
ddacda50626ef2cd5ccf74a3149eccbbda4a9d84,clebertsuconic/activemq-artemis,True,ARTEMIS-1114 Missing records after compacting  This is fixing an issue introduced on 4b47461f03a607b
431d0ef4ed85754260f36d3c92a88fd1d43d1cd7,morkai/h5.modbus,True,Fixed the bug introduced by the fix in 7128f9385dcdcfbdbaadc2081068db895c189a88
0a3966d8d6140cfbaff8e58972bef365c0c06a0f,ros-planning/moveit,True,"KDL IK solver: fix handling of mimic joints (#1490)  - correctly count mimic joints - don't resize "
3465bb1a1855be1ba4563ad839439e653ab5894e,tianocore/edk2-platforms,True,Silicon/SynQuacer/NetsecDxe: ignore DMA coherency at binding time  Whether the Netsec driver is buil
ad4553a4fddfa01129d84da1f9e166a93260bd3e,ceph/ceph,True,librbd: fix build error  From a10703008f7f4eb57a62658f2b9a015eb81509d0.  Signed-off-by: Sage Weil <s
aa105d231a36422314335fabe35254a07544d26b,johanmalm/jgmenu,True,jgmenu.c: fixed bug introduced by aa1357d3
8114e607011c198de325670897adf398de2fab93,leonardosnt/jar-string-editor,True,fix bug introduced by c116b04
2b79024369fc58c67cf34db38d6c734478d70da7,EnterpriseDB/pg_catcheck,True,Fix a bug in commit 59642c758c68d448a7f905a01e95cfcbce85d2c9.  I messed this up while revising Rusha
defa2b646e5447e50b1178c8144e9bab6d99377e,linux4sam/linux-at91,True,USB: ehci-atmel: rework clk handling  The EHCI IP only needs the UTMI/UPLL (uclk) and the peripheral
ac66ce4e3f8e8621675f3f910f624824c8ba8956,openafs-contrib/openafs-robotest,True,afsrobot: fix global name 'config' is not defined  Fix an error introduced in the commit 3ea0a867411
86c6fa1a631b9f8b7b39427afc98eda2710d1a14,JetBrains/intellij-community,True,"EA-79438 - IAE: PopupHandler.installPopupHandler  fix initialisation order issue, introduced in 6b3a"
2eae618c3b202c7d3d81762a868fc8d45b9414bb,gdh1995/vimium-plus,True,"fix a bug imported in 4a92de5 ""Vomnibar: hide before action"""
194e293c89ff6e7c060de29e779fa8ad263a78c8,seanlth/CS4098PaddyPaddy,True,fixed bug introduced by commit 85e334a
f7a7ee8f519e0d608822119cb7f54f36d2de402b,andsens/homeshick,True,Rewrite get_repo_files() to find dirs without files This fixes a bug introduced in 0c3529ed and disc
87ef9789c5806a971160c9c305e2887099c331d1,gaborpapp/AIam,True,hopefully fixed remaining rotation problems which were introduced in 85b350a48dd738c559cbc2f48bb2d55
b3de274b05c75565d14ec2d665a8bbfe55a7fb16,mesa3d/mesa,True,st/mesa: fix readpixels regression with MESA_pack_invert  Fixes an error introduced in commit 3948cd
2be7dce2e41d6cc2cb439a0b04efb5ae8d19be1c,mhiramat/mincs,True,[BUGFIX]: fix to pass command correctly  Fix the bug introduced by commit 660b40ee3d65
81373eb3e1c91a6391f8dd4713efcf5c48a12989,t-woerner/firewalld,True,firewall-offline-cmd: Fix issues with missing system-config-firewall  This fixed the issues introduc
90eee21277a3a8d959819af6ad4f4a122f840e44,lovemark/luismark.github.io,True,Fixed data syntax error and fixed many other bugs Fixed: - Array.prototype.sort bug - Number.prototy
2644f123d0e2560641180aba9437ad5043d71c96,ximion/limba,True,"Fix another archive layout issue  This one was introduced with the previous ""fix"" in c338b04. Good t"
786103583a3ab3292a5476186e5f1551e7e0ea9d,OSGeo/gdal,True,GDALHashSetBandBlockCache: fix concurrency issue due to 4133451c615fcd6a34defee0d3ce519b664fbc13 (ma
08506eac2d422bfe586e5aa1de514b9ede408e84,GNOME/gnome-shell,True,gdm: clear user verifier when finished with it  We only need the user verifier for the purpose of us
9dbc7610cf867ffe7653ba7558e17f47c6e466fb,scatnet/scatnet,True,fix conv_sub_1d bug introduced by 8463d7f00: recentering doesn't work since upsampling by zero-paddi
06366692fae5a93a9bd2670f8c51d38aed714ccd,edx/configuration,True,[jenkins_common] defer to the default location for nginx_template_dir  This fixes a bug introduced i
999fbe9d96cbdff9cd69f0d23c6671dc0d7f3e9e,iojs/io.js,True,test: fix crypto-binary-default bad crypto check  This commit fixes a small bug introduced in 671fbd
6e83ecbd7afe808af29e75c5d1cc9b4b02475bc0,UniTime/unitime,True,Online Student Scheduling: Reservations  - fixed an issue taking all the properties (reservation pri
a01c4e9a00abcba42ff21fecd75264f3dc44f313,NICTA/scoobi,True,fixed the renaming bug introduced by e956c7e
96148a5191b18a9ab3d4c404f5f316e6099a0acc,rmcdermo/fds,True,FDS Source: fix error in fuel mass flux introduced by commit 431a93b
e729fa6afed3aa917287b63034244f548b79ec60,vapier/qemu,True,block: fix off-by-one error in qcow and qcow2  This fixes an off-by-one error introduced in 9a29e18.
4ddb3050c04ec24ae84bbeceb6c8723c493bf9e9,fluent/fluent-bit,True,http_client: add content-length header after body is set (#1895)  fixes a bug I committed in fcf15a9
4c62b3d2b8c74590922f8064483a24c8d1e75bca,UniTime/unitime,True,Online Student Scheduling: Reservations  - fixed an issue taking all the properties (reservation pri
108f30eb2d6787edc13d81d31888f3ed16cc10a1,hardware/mailserver,True,fix(): run.sh hanging  I added some quotes to avoid run.sh script hanging when one of these variable
bb68be844df3080222862d085a00b29cad5a48b5,alphagov/search-api,True,Fix search-analytics-data-load  This fixes a bug introduced in 3eacc88ee0c6979cad91bb2f7a72214b7f91a
c5cec3ab0d126c728907a79dee57ccb54ebde79e,Amebis/eduVPN,True,Permissive initial authorization issue introduced in 54cc4fd06db84ae0a35a10e68fb39862c755102c resolv
36e478802c38d05bd64bef79253ae39c97760c5d,pebble-dev/rebble-auth-py,True,"Real dumb fix for real dumb issue introduced by 559f4cd, tested equally well."
5fdeab3484dd316b297278f3225b689ae0602db8,UniTime/unitime,True,Online Student Scheduling: Reservations  - fixed an issue taking all the properties (reservation pri
d5ff6c39252875bfa39344639518109e154e599e,apache/mesos,True,Fixed type error in verify-reviews.py.  This patch fixes a type error introduced in `ccd1970d1be` wh
24857896a30105b7947e2cd36d63768054538bbc,wencongyang/xen,True,x86/hvm: fix operator precedence bug introduced by 3d4d4f9336  Bitwise or has greater precedence tha
7332f3a36003d81a8537e65fcd11a6986d0d0428,opf/openproject,True,copy multiple attribute to new input too.  fixes a bug introduced in 7e91b86
16b26af883fcfe3e7defb93710fa65d31cb93e52,stsp/fdpp,True,kernel: fix small relocation bug of 66eb02d8
ac9f045eafb1002c46caa52181e184fb2f805c16,kmscode/mRemote3G,True,"fix ""clean up"" error  Introduced in 34ab76386b41ec611ad8370883dabebee240442c"
f44fb86a93c6aae797c11dec4453317019794377,pat2003rat/DoughBoy,True,publish: fixing sign up issues  generated from commit 759dfd5938279e1286b7ba90218cbad5e661c4a2
4bffcce290dd2eafc3215e843200cfaecf2221f2,DistAlgo/distalgo,True,Incgen: fix name inconsistency when not using jbstyle.  This fixes a bug introduced by 04743b6fe10fc
6154294baf41687371819c57432a1add04f99d13,DistAlgo/distalgo,True,Parser: fix wrong name in visit_classdef.  This fixes a bug introduced in 9e38876537c71046ef72a25729
c3f716b94e6ae4f5ce8631399cab7b484aca4df0,antma/algo,True,treap.d: fix crush bug in persistent split introduced in 4e421cdc6b353807537c8d543455f1f07bced11b co
32ea637e4b19486808de35cd69650c58e7fe2d0c,gdamiand/cgal,True,fix error introduced while fixing conflicts in 10cadcb9
cf786fd58f2454802ba873eb94e6c9347e4e4071,doe300/jactiverecord,True,fixed bug introduced by commit a606537bf9dcdc884820ae18adb9b5d78d1ef0b8 minor changes to test classe
02cfaa2a96c106cb902c5b96896b344f8980beb3,nydailynews/restaurant-guide,True,"Cleanup, fix js error introduced in 798a94c6de7ba1ecb9dc793c08444d1407f423a7 , fix #55"
43830fcef5197db364d3ba8fe967ba6328ea2135,tralamazza/mchck,True,"[nrf] fix crc bug introduced by 4cf482c0ce, optimize dyn payload setup"
ebed2649b9e6b7dd43b1daab84b84bfe7fcfc657,omaciel/robottelo,True,Do not check content-type of HTTP 204 messages  This fixes an error in commit 5b2277272dbb489eda5186
f3ab861cc90d94793fb95fc4397f445b2e78ae5c,jagd/glls,True,fix the errors introduced by e202c299c05acb1eb6ba4c99a03f8c90f083c65b
e8b2737f205d4238220dcab973e21b20a0640802,systemd/systemd,True,"udev-rules: do not ignore short lines  Otherwise, a short line continues the previous continuation. "
8f8abbeec33ce8dfc0e3b14d2c352210634ce28c,woodsts/buildroot,True,package/wpewebkit: Fix build with icu 65.1  Add patch to fix build issue introduced in buildroot com
5f0256bb4994ca649ace165fb8c89cf529172055,JanSchulz/IRkernel,True,Fix hang after an aborted message  This fixes two bugs introduced by 61f0ca492e7a98c57d3c31b2020ad16
084dbfdd7c16a8c737ef6b655f53f2b087d713ce,jack-h/mlib_devel,True,"Fix bugs in adc bitslip from d961718c69f  Changes to various wire widths, and fix to wishbone clock "
514efd6af8a4dd2e18554ba823db64d6af6c8348,elastic/kibana,True,fix some issues introduced by 4343b19cf41d452301a07d65d8555d4b7d3d981e
3b62c4a83ad12e579727636250b6bbae29db0824,snipe/snipe-it,True,"Fixes/integrity constraint (#6754)  * Migration to fix nullables  This should fix an issue introdu"
4202149c7b475bdf6454449f5193f786bd133583,GNOME/pybliographer,True,scripts: Fix regression when using plurals on pybliocheck  Fix encoding issue introduced in commit c
207a3523b92d00eaca971c8b59cb729b0934f281,CyberLinkCorp/ijkplayer,True,ff_ffplay: fix spell error introduced in de0927d64
30394030106a6b78388ade892d1616bbce02f8a9,oVirt/ovirt-engine,True,engine: fixed NPE findbugs introduced in 1bfc9d0  Change-Id: Ib125a84415d84b2d4cda661b04719b5f5fa470
a8cabc612b16834260831a8163ae4b479b5c33a5,systemd/systemd,True,core: fix segfault in compile_bind_mounts() when BindPaths= or BindReadOnlyPaths= is set  This fixes
f4b2955c77320a0d66e7a83bbbe323c11a7d4160,openmb/stb-gui,True,eDVBScan: fix compile error  introduced by c1473bd6a41a356fd6eec3f24be059d4d7437c02 use iDVBFrontend
a3fc23972cbe18fe896e33bb45c50367ed35a218,masneyb/gftp,True,use standard gtk 'about' dialog (#27)  also fixes a bug introduced by 5f2c9b4b2958c9113743c7a29bc5b4
c856b46f950c9c41679a1392d8e7d9c68202e851,sass-eyeglass/broccoli-eyeglass,True,fix inheritance bug introduced by b07c3ac20e2a4d82498dc18d06a8424d3e55d2cb
c2e749f878049204239ad63ac9546253aeb6ceeb,mruby/mruby,True,fix issues of mrb_gc_unregister introduced in 09b1185  * fixes partial copy of objects in GC root ar
a2b63cee79bccd30854ba2ecb89ff1aa40b62ead,pimcore/pimcore,True,fixed issue introduced by 64961667dd93cb64f9735a4b8c0fef998b851f83
fb0e8e79a9d77ee240dbca036fa8698ce654e5d1,openbmc/qemu,True,Fix masking of PC lower bits when doing exception returns  In commit 9b6a3ea7a699594 store_reg() was
8b21a52e8c3e90f3f8dbaf90a7f3d06031129a9a,CvO-Theory/apt,True,"build.xml: make ""jacoco.run"" depend on ""jar""  This fixes an error that was introduced in commit e5cf"
6aa3ec8fb10e6916fd00368af40471ef8dbeb5d6,TrinityCore/TrinityCore,True,"DB/SAI: fix issue with quest ""Still At It"" introduced in 2b1cde25.  Closes #23525."
2157543543f85790bad0aa991d99a0a1b5d97eaa,DrSLDR/whereismystuff,True,Bugfixed css error introduced by 24694af
c3c7db16a0cf02107f472c3a72968e664e13208f,jforissier/optee_os,True,"Fix TA build error  This fixes a bug introduced by commit 4334e8d. In ta_dev_kit.mk, out-dir must be"
543e8dc78ae8460df9720e6f49c7fb523c806b99,vlang/v,True,"v2: fix bug in scanner, introduced in da9b639 (_ in num literals)"
9a905ceef3bd7d78f61dff3c902ac4b38d19215b,mtaylor/activemq-artemis,True,ARTEMIS-1114 Missing records after compacting  This is fixing an issue introduced on 4b47461f03a607b
2dbd7c5800a71c048e02a6e519cfb243cd994bcf,netoptimizer/network-testing,True,"src: udp_flood fix PPS calc and use DEFAULT_COUNT  Fixing bugs introduced in commit 200b8079339c (""f"
6a81dbbb1e07ff0f37f362ce426cd54910536f4f,pybind/pybind11,True,Fix 2D Nx1/1xN inputs to eigen dense vector args  This fixes a bug introduced in b68959e822a619d1ad1
c54188349faefee094b73f55ee3d229d6fce8167,gpac/gpac,True,fixed bug introduced by typo in 69f0eb7
41020638d285465e7bc2473407c3dc1c25a7caec,mapillary/OpenSfM,True,fix: fixed bug introduced at 52e6cc81875aa403d319b9506a707ce032a5aa9d (BoW order)
eb629113e2c7cbd23d5a6f53b4b6b24ade9d2c46,arduino/ArduinoCore-samd,True,Fix commands for openocd 0.10.0  Fix bug introduced by 5704a06f Double/triple {} surrounding filenam
1df79c8e548bc60702a5d064f79fda04aa1c22f8,smargh/alfred-workflow,True,fix ascending filter bug  Fix minor bug introduced in  5a22c1123c4b330f8ea73ef1d9e0538c3abe3e0f
9b6281a7da02759b0e7570d611e27fe541ffebd6,freedreno/mesa,True,"freedreno: ""fix"" problems with excessive flushes  4f338c9b introduced logic to trigger a flush rathe"
91cae75deda27794ce3f23c454f9761531a00e78,savoirfairelinux/ring-client-gnome,True,"fix: AvailableAccountModel uses  Every time AvailableAccountModel is fetched using an index, make su"
1f0602d42fd9e1c0a4268f3a51aa7f483100a935,silverstripe/silverstripe-framework,True,FIX: Fixed regression from ClassInfo case-sensitivity fix.  This fixes a bug introduced by ffbeac6b7
4f0b152a4c6fcd204db395d38e98f2deee40a612,wikimedia/parsoid,True,[parserTests] Don't generate selser changes for manual changetree  This fixes an error introduced in
f3d411ba1815d6670ccb58e02f9de2b43bbcf301,werthm/CaLib,True,small memory bugfix for commit 6e7c3ce
59227e42199066ee5759abf681aff468ed05a4c8,sgelb/alot,True,envelope: fix header key:value parsing regression  Fixes an issue introduced in 45829f7956716638fe77
5845385edc0c66fdc677341d05e047d4db90f826,AKSW/rocker,True,fixed bug introduced by de64a5b
2f31ccc73ef1e8b920779cf453379953a933cfaf,jbottel/TARS,True,Fix bug where progress doesn't update after stop  We fix the bug introduced in 2d9c03a where the pro
915048e6aed264dd7bf68e29ba485ade4c44f845,wincent/command-t,True,Fix edge case regression when searching for dotfiles  Fixes problem introduced in ee9732511.  Given 
55858bf3a0d33c7c9f9a9a58b43137579c4fdda3,postfixadmin/postfixadmin,True,Fix table names in gen_show_status()  ... by using table_by_key() instead of reading $CONF directly.
6635a004c2676fe1f61ccfdf54fa52eab596362f,hasse69/rar2fs,True,Fix an issue with volume consistency check  This patch fixes an issue with volume consistency check 
14336fce83ac3391687449e4e612fd7358f475ed,biola/chef-bacula-backup,True,fix ubuntu client error introduced in d0771dbf
f51676ded2674720b9b6d72d35b3fbcb6bb17686,alegonz/baikal,True,Listify inputs of merge steps for idempotency  This fixes a bug introduced in 3e69de5
bb11c34fe27d039e990a3d40c84447de490cd1f2,vimus/libmpd-haskell,True,Status: fix type error  Fix type errors introduced by 941b5f706581a058d0bbd1b745181f5542ba0de9
c2ad340143973e0023ee05f4478eece18950240a,randomchars42/eenv,True,fix error in create_eenv_theme introduced by commit #d09dd606
42792bce7b19308505e92b7fd08f1e719cce98b1,TypeCobolTeam/TypeCobol,True,issue #230: fix potential NPE introduced by ba677ada14fca947194c82a46c702dd1a9c5ae0c
dd954b6108f658aff49291f13e23fd7abd32c037,mcellteam/mcell,True,Bugfix: t and t2 (lifetime) not set correctly.  This fixes a bug introduced in 419e20f693ff3e1ba58a4
1636e20ac4d76b5c0d64f135f7c33bdd0504bd16,rpm-software-management/dnf,True,"repoquery: fix calling by_all_deps() for --tree  Fixes a bug introduced in bd00c044, where the by_al"
da677b5042b5c9654f3507d3e59386868c868fcd,maxhbr/sw360,True,"fix(ui): fix issue #762, introduced in df54014  see also: - https://github.com/eclipse/sw360/commit/"
263bd0802cb405f1025b83dbce468481b6516cd3,analogdevicesinc/libiio,True,Fix broken iio_device_get_sample_size with same-index channels  This fixes a bug introduced in 4792f
9f0fedcb44da5efc41a5f36fc8f7dc6ecd3647d7,mongodb/mongo-php-driver,True,Only fetch TSRMLS for 32-bit platforms in int64 visitor  This fixes a build error introduced in be58
bc56f9581b33cea7f6ba0a86d0a1cef2b82940ac,Demon000/classroom-booking,True,server: fix syntax error introduced by 481207a4f09b6e935756dac5d5f4a8547e073d78
120b270377aef4836c2cc46cd6dc69fdc714cebd,jmikola/mongo-php-driver,True,PHPC-851: Separate argument zvals before modification  This primarily fixes a bug introduced in 6d46
ee783a1f792957064e22e012bc180a0c7bd07dd7,DynareTeam/dynare,True,preprocessor: fix bug introduced in 3ea37bb2f83b2011d6fb6ed24842b3223aecf1fc
feac8e0b28c4320d6dccddee4a914ee449b84fb5,dolmen/p5-Log-Syslog-Fast,True,Fix ::PP constructor to make 09-undef-strings-pp.t pass on perl 5.19+  t/09-undef-strings-pp.t fails
b6fe0cc2a9a65175d30bf3beacce4ae78b03ea36,metapolator/ddt,True,This fixes the issue introduced by 32855acdbc882fd40ef9e4bcd1b7d485ea93e738.
2369e10b099878a7d0de7c896b1a43cc1a6db383,PmagPy/PmagPy,True,fix bug introduced by dd12cea
a0995274b1a5bed31ccae130ed7e29bff41a1ef7,Level-2/Transphporm,True,fix bug with multiline comments introduced in d365e4b
076f8c085708a52931a6f1a8786f1559a5262824,Khan/perseus,True,Fix lint and build perseus  Build latest perseus and fix lint errors I introduced when landing 9608f
e03b8467c08f64406ec3a759fba33b142ba9b07d,01org/TPM2.0-TSS,True,Fixup bugs introduced by 3b7e71220c9 by fixing up include directives to use sapi/ instead of tss2/  
92c1fa6e0599701a7dcb01c5f0393be47ed07c9f,tmeneau/salt-formula-helm,True,"fix: split client.sls into distinct, dedicated SLS files  Additionally export a `constants` dict fro"
cf4887c4ba4b9f0c2aff72e4a4d47f9d74236dde,0lvin/yquake2,True,fix issue introduced in  e5ef665e:Use more short code in *EdgeSearch
c1c61765a7fd573424783dd8dbab210da22bd7cb,qwweee-cl/server,True,[What] fix 2a379b715d01d176f8d6c13fc5c6d85339edef3c bug [Why ] crash [How ] add return false
05e7bd40669139fb0b7a761cc202f314745e30b9,ros/ros_comm,True,fix syntax error introduced in 4c837a7f9cd72dc1c170754bf5231ad2628d4817
e80a4537846416719c067ae08a53aeda978c572d,flame/blis,True,Fixed bug introduced by bugfix in 25b258d.  Details: - We actually need to check alignment of lda*si
813108a928fd50a1fb87e9333b974b6e7242b117,spring-projects/spring-framework,True,Ensure TestContextManager always tracks after-class exception  This commit fixes a minor bug introdu
28458389248e19bba57be8855114aa0bcdb87a34,citrix/terraform-provider-netscaler,True,fix compile issue introduced by d1b099719a6
57cd541b2c541efd0e8fab7cf63167712a0ab4f2,openstack/training-labs,True,Fix tests checking for nova-compute  This patch improves the code in launch_instance_private_net tha
e13f1f782a9d8d25cc622d050644c7f29c1bfd5e,HerculesWS/Hercules,True,"subnet.conf overhaul  The subnet.conf system has been rewritten to offer greater flexibility, and to"
8b769ec8c9017bc13575220bf7b42b2b60057962,federicomariamassari/willow-tree,True,fix: Refine constraint on probabilities in LP  Refine the constraint on probabilities to rule out p 
16a14995f989343d9b9c0d9d9ce90d99530817b9,aws/aws-cli,True,Fix ordering issue with tests  Fixes an regression introduced in 16a59ac0b55a40aa81428844d48659ea76e
6fffea1e580885d388efe97da2cdaecc74fdd8f3,dials/dials,True,bug fix for #829 introduced by 6b5f05af44d9287841bf502d4e82b97e377bc59b
ca4c04eee2d41040bbb86281b06144c0a6e88b34,TheHolyWaffle/TeamSpeak-3-Java-API,True,Fix synchronization in TS3Api  Should fix the issues introduced in c8156def8cdc0f33f763b3edd9cec79f8
986d4a410e55a317da3ed99fe1f4fc21354400ce,mongodb/mongo,True,"SERVER-14668 DBRead should be acquiring S lock, not X  This fixes a bug introduced in commit 85e785f"
638ece305bdbd783e4c326011dd1446c737b536f,andrewphorn/ClassiCube-Client,True,Another bug fix  Fixed a bug introduced in d37442c which was causing the menu to not show up in sing
39bbc9a50c9b717b2e7992ff2cc80b330da85a57,pytorch/fairseq,True,Fixes checkpointing bug introduced in 89e077c  Summary: Pull Request resolved: https://github.com/py
ee5d14e07d41f5b04b12d3130d3eab34aafe3f42,marionebl/cz-cli,True,fix: make gulp depedencies available for prod installs  * fixes a bug introduced with a8c40a9 * the 
ad06ae7dd3472a319ffff5e05ad9e5c8b2b16399,ejaku/grgen,True,fix for bug introduced in commit cece3d10 from 18.01.20 (missing adaptations to import requiring a b
976cdc9d1e6bd32de72e68c19e7e3080e9c8d5fe,aragon/aragon-ui,True,"devbox: fix Scratchpad (#397)  Fixes a bug introduced in 3599f33afac53b6b1d979dbb3c1f2dc3154d5736. "
0849ff36605588a7ab7892ab2aae59d73290e225,karelzak/util-linux,True,rename: prevent --no-act from setting --no-overwrite  This fixes a bug introduced by commit fabb9067
9231356f275148574f0bee63b5bce06bb5b82086,ejaku/grgen,True,fixes for bugs introduced in commit fa67bfb3 from 25.01.20 (wrong execution state after copy constru
987c61a44f93acc8d9253236ea269789843a1661,msakai/toysolver,True,fix a bug introduced by the commit 3fb0ed3fde21a175f543025ed9b265860c4677bf
afd6c8481984ef2009a83e5b89fba629d64eea9c,warren-bank/Secure-Webmail,True,fix bug introduced by recent commit (53ff7b5)
ada175400cc691e7b2106e8b48a1732e98d94c7e,camunigeog/muscat-conversion,True,Resolve circular dependency bug introduced in 31a6a4907a6b443348db2c2e542eaae8d9e630e3 in populateOt
fcaad6576dde81fa9f500138e7c8c0ae2afcac6d,LibreOffice/core,True,"fix shadow error  introduced by my commit 216fdcbdb4c17f349ffd68abd1f372bea3287fad ""convert RECALCMO"
e192b0b254a339bb7861dc8b2932305c754672a4,toladata/TolaActivity,True,#668 fixing the bug that was introduced in 34e1a2a106ad78c88161860a35d53cfbc2ab154a
6f2f23cc1e9445376b35cec0964f01d840cd536b,Wadeck/gitlab-oauth-plugin,True,[JENKINS-44489] fixed findbug introduced by 987608a commit
0cfe500fcd2eb593ce24a8a9b39196047ba99d28,zizhengwu/Lumines-clone-Unity2D,True,probably fix a fatal bug introduced in 45c8301d463cd4a9638e07990b32a336794b3a93: rotating and moving
13b41e85f1829d7938eeb7e331b4f435ae8c7023,haikuports/haikuporter,True,RequiresUpdater: Fix bug introduced in 210c9e5e.  * fix bug #83. All hpkgs produced since then are b
f6d3cc32580c80f30d844984f58bcea2854aa184,GNOME/chrome-gnome-shell,True,cmake: fixed build error introduced in commit 23be4096
e998dbb367841d6238ec55b99632916bb4119801,cmassiot/upipe,True,bmd_src: fix bug introduced in cddc4d84
5a17e225b3c2660cd7699fcece3e51b67f94e6ee,ZGIS/smart-portal-webgui,True,fix search bug introduced by 8d85758 (build/test failure)
b64d81134a1b0a826b7a13755673618041614634,inters/vita,True,Base all dynamically generated app and link names on route id.  This adds a pattern restriction to t
d60db44b7255f2d6c2e13f96256d3361ebf7ad4d,little-dude/xi-tui,True,fixup  temporary fix for a bug introduced in 2d581e830dbd95de1c3fe8d66f0ca93b6bad9ba2
36ae14f8e089109dc7e2adeaedc1a4347fb7b513,knz/cockroach,True,sql: fix normalization.  Fixes an error introduced by b6fcfbd4b641577fb3e16fb7929474517a1a2496: Cann
63149a7e37e33a03cb1ffc0401015fae0eb18a1b,grantemsley/Hyper-V-PowerShell,True,Configuration of virtual machine  Allows configuring the memory and VLAN to use.  Also fixed issue w
5e25c269e17de4c5a23ce886cda612b01365a944,torvalds/linux,True,"fs: invalidate page cache after end_io() in dio completion  Commit 332391a9935d (""fs: Fix page cache"
240d794b37a697488d5d9d3d563de3741f70b425,TheNewNormal/corectl,True,fix for (corectld) crasher bug introduced on 7f6b5bd4 when halting VMs  Signed-off-by: António Meire
7286d9d8dd1f8543007218a91d5c6767a7a7b152,RobbertProost/qtbase,True,xcb: fix bitmap cursor loading performance regression  ... introduced by 422838685c31d9b57133a8711bf
dda9cac3445914c43681da23e42a3efbc4bdae5c,janlav/OpenIPSL,True,Corrects the erroneous base-quantities in PSAT machines which have been calculated in the wrong way 
dbc708f164ecc2d9c614f2386a28f0f445b202b6,pantsbuild/pants,True,"Support for optional product requirements.  That is, you can now request products for the purpose of"
6441a8b6adffc03828a6b5a764a08968ca7fb3a5,iclcv/icl,True,"fixup throw exception declarations (#39)  * fixup removal of dynamic exception specs  This fixes s"
ec6f848ad02e981e28e723ab701bf71e1f012e3e,SUSE/doc-sle,True,"Revert ""Make documents buildable again""  The proper solution is to fix the spelling error in the ent"
75245896770e47f54a4e7c8067e67ca213f7ed75,aschuster3/Team2-Spring-2015-Capstone,True,fixing bug from 0379c88122fb0e867dc4108dcfb1b3a351e7d417: + icon hidden immediately after assigning 
c14dcc80b65c6435dce3ee5373e9ab4070348920,nithinmurali/pygsheets,True,"fixed logic error in  4cad31d as pointed out by @mauryfs, fixes #139"
7e8cee6b612891f65d6aa82b793cb94d22e2558e,angular/angular,True,"build: fix aio size tracking, we need to use node_modules local to aio (#23328)  This fixes an issue"
98e14bea46d721e81131172688a4173022541ddb,mysociety/yournextmp-popit,True,Fix the candidates_update_popit_parties_from_ec_data command  This fixes a bug introduced in af1e8cf
27bbd23fe8e66edfff4c0e92eb9eb39c37856831,torvalds/linux,True,"ARM: EXYNOS: Fix potentian kfree() of ro memory  The change fixes a bug introduced by 2be2a3ff42a5, "
4213a25f2af0df5fe9dfa091453e03811d42b37e,racket/htdp,True,fixes an error in error messages introduced in 4ad805c  NOTE This happened even though I added a war
4878d552978bd7cc095d930c0b59764fc03273a5,drf-forms/drf-schema-adapter,True,:bug: fix bug introduced in f4a554d5
7fc1f48014aa6134d3d3a64d6b3188c8ff242208,racket/htdp,True,part of fixing an error in error messages introduced in 4ad805c  I am not sure why this test suite p
19fa757a0f7d9870c971a228a3ac112ea98859dc,creesch/reddit-moderator-toolbox,True,fix #493  Fixes a bug introduced by 6c2ec3c78b1be282b098a631a2d66070f1ff4fcc
918b4a2b384364882b2c69e8cadd1db3c62fe68c,docdoku/docdoku-plm,True,[DPLM] fixed #1000 - fix bug introduced by 0bdea3e2737252f3a727e6337f32f3fe7723d7ad (wrong scope var
ecd7b580633f41b618ae0d5d94f8a5f00e7cd91a,ruslangaripov/Arbor,True,Update memory management in the sample application  'dtsample' project now also always uses Windows 
48a122a5be4cc186e1920c0c7faa5d2d4b33d8c2,wooorm/retext,True,Fix benchmarks failing benchmarks  This fixes an error introduced in 7c2ff20
35b6df1595dcb02b2549427e0a28478ab162f3bb,bmr-cymru/boom,True,boom: fix boom.set_debug_mask() regression  Fix a cut and paste error introduced in 96cbec86: a misp
5977eb6f8ac436e658a589fbc3cfd640d07dfc72,e-mission/e-mission-phone,True,One-line fix to fix one place we weren't passing in the metric2val  Fix stupid bug introduced by 21c
612a01c0f3182aa7000feee6f6aa9763b79df60e,franko/luajit-lang-toolkit,True,"Revert ""Fixes #3""  This change is not needed and was probably introduced to fix an error in the pars"
755377d162256ced6975557470221f9fb5d516bf,johnyf/tulip-control,True,bugfix: introduced in 5ed12b3673b571c2afe3462316f3345ebd629441
d3381559497d453e254cd8cdbba88987c888f7bb,potfit/potfit,True,fix bug with global parameters introduced in c97482c
7dc3c3484a2ba756762a7d97cc8ec73340e15265,GammaBurst101/GammaTimer,True,Fix the bug introduced due to #ca38643  The bug fix to fix #1 introduced another bug where the app w
55bcae22ae0f7da8f41b420b2f01ac3e4da03c2b,Ichimonji10/nailgun,True,"Release version 0.22.0  This release fixes a major bug present in version 0.21.0. Specifically, this"
7c34e81c9a678afe56c22da8c0ed876b8034ade4,caleb531/dotfiles,True,Fix uppercase word diffing in git  This fixes a bug introduced by 5f116f1.
1920dcd0a29782efd72f338f88bc8de3c443bb2c,dalehenrich/Rowan,True,proposed patch for issue #64; fix problems introduced in commit 2e12d1a
033295c188bfba28b693fb9da789678503c335c7,yuwata/systemd,True,network: fix invalid memory access  This fixes a bug introduced by 959f65d32ec15cf84afe3efff1a18b098
57038afa171acdc8140016bbb84dacbd13c417bd,mono/libgdiplus,True,"Do not zero RGB pixels if A == 0 (#43)  This fixes a problem introduced by 5ed200d5d73edc54969b34c7"
a82f863e2499e5d9003cbf4ba2e701873e122490,angular/angular,True,fix(compiler-cli): report all diagnostic error messages (#19886)  This fixes a problem introduced in
3f856a2813359ad8203ccad388e54ff41a9ecaf1,yuwata/systemd,True,core: fix D-Bus API  This fixes bugs introduced by cffaed83e87bde81378b2be74192193850d0e03a.  Closes
2010c43b96016d64feb5436b65795bf7e749643d,qstokkink/py-ipv8,True,Updated unit tests  Also fixed peer drop bug introduced by 584cd5fe0b6747fc05778ef51b9e11a9177915d8
f82e7872289761319dd98a6527ef3310c1c75bd5,sebhtml/biosal,True,transport: fix pami compilation error introduced in b49f6d85e6  Link: https://github.com/GeneAssembl
8da115be23213f03964c040917503a1706e415b2,justinnhli/demograder,True,fix partial submissions  error introduced in c99af57f6523f2f9b67f58ab090a9c1b94d98e4b
27938394b81865fecd124fa9864b0d7a2d49f1c6,nmfta-repo/nmfta-opentelematics-api,True,fix minor API blueprint error introduced in 5ec9a50
f370466c412baaf0badf83ccfbd6e8cfaef25d12,Bioconductor/BBS,True,fix issue introduced by commit 685479164011bb36ca4f62504346143d0a1d812f
02b501bf2f7146a32aa5e0472d2bc32255dd35da,modernish/modernish,True,"use(): bugfix: don't use 'push'/'pop', as push/pop may call 'use'  bin/modernish: - use(): Fix bug i"
3c2f2d68ad75a05742010735bc066988a10b3968,crate/crate,True,fix compile error introduced with ae1e3e040f9aa8ce18393c9aeeac47902d2f8ca3
2aff0d6d1c6c799f74bcf4f892bd596cb032e2d6,Azure/mmlspark,True,A few more build/script fixes  * Fix a bug that was introduced in f1704d3: translations of the old  
a6a2e75804da87f9f68f7261e39511d72e8aab7d,NixOS/nixpkgs,True,ruby-modules: Import gemset if it's a path OR a string. (#38959)  This fixes the bug introduced by 8
c701270576c40addd81c10961170dd4b38224e07,Qup42/GausEliminination,True,Fix error introduced in aa0dccb391b76e819487c8db8e849cfd2526c67a By changing findNotZeroRow's search
2e2a77526b3e0883b9c441994272233903b6961b,Oslandia/labelconnector,True,fix error introduced in c49d74b5910b359b081aeba91854b3fd5ccff3ce
d195f009488f2e923d282b330ed321f1f4b92ad5,apple/swift,True,[ClangImporter] Break infinite recursion when failing to import. (#9253)  Fixes a bug in cb9b9ea7 wh
cbb332e94ce0933b4618e010161b6db30671a563,jecluis/dot-files,True,tig: fix bug from splitting units  Introduced with commit ae74b8d in which we did not properly copy 
60cd90e8ea8e2a529ea7c07c9f61a2800bfcc710,phoebe-project/phoebe2,True,fixed bug in plotting protomesh introduced by set_value check type  introduced in 06e6280b386e315feb
a5d93e0bb1213d34efb730ac8c9e1f45b0b4f978,Lusitanian/PHPoAuthLib,True,fixed bug introduced by commit c6e2d74eca2b8bc6f9d9aea183655886e49b5216
b0fcf4863a53e41cb556f4587b7ae9c5d72e817e,StefRe/opacclient,True,Fix error with no_criteria_input introduced in 118089a4  - and add tests for search - tests for pars
e90f6b3492aacdcc32b9a58545cc9bc3ee8bd7a8,atari800/atari800,True,"Update gamma values in NTSC filter presets to the new values.  This fixes issue #89, introduced in c"
a7449bf4d8d72da1b70708e8a284d3851e96def8,NixOS/nixpkgs,True,libvirt-python: 3.6.0 -> 3.8.0  This fixes an eval error introduced by 17a069276faec303d173aa5ef23cf
fec06d6358f5783142d03950ee76bf18987bb27b,wikimedia/operations-puppet,True,bugfix for ddea86b4  Change-Id: Iff1bd56951e58bcc89e558bfb927343d93f996ee
471e6b0fc968c66edd95a36be000bb2537a7bf71,SELinuxProject/selinux,True,sepolicy: setools.*Query wants a list in ruletype  This fixes a problem introduced in 18410c86 where
36a6a5e5840d9aa6520a35c96feebd5be587b3ab,edx/edx-platform,True,Specify the full path to the verify_studen app config  This fixes a bug introduced in 3be0fa81
710f7b9dcf2797d7944b3a3ff7e3ce9e93322a8d,plumed/plumed2,True,"Fixed regtests  This fixed a bug I introduced in 35ed62dcfc67ba364a9f0c60d4ea78298c746bd9  Namely, n"
003791a8e9c39f4e08bea9ffdd57426263a236b2,viiru-/pytrainer,True,Remove the gpx file when deleting an Activity  This fixes a bug introduced in 8c0328c8fb04.
f8266fc0b17704b88c6c42a2f1e425659f72d63c,Zarel/Pokemon-Showdown,True,Add support to randbats for mega stone banning  This fixes a problem introduced by 77b6b666 causing 
a593194c8723a9e5040879336af28be5c9dffef4,jipee37/la-bouee-corsaire,True,fix bug introduced by commit 223164e0a39e4b3a4c8ba20203d643b51653ae00
32e8e039ee593c3297c1efbab789ce11e3a0bd0b,savoirfairelinux/ring-client-gnome,True,Devices tab: fix widget visiblity  Fix bug introduced by b135a69f65d0b61ac3f9e8504d49cc856e5700d8 wh
b0f795385f70dad2b9eae6d81eef4f7f817e92a9,libMesh/libmesh,True,"Manually close ErrorVector solution before plot  This is necessary to prevent the ""half-closed"" stat"
59f71f915a03143a3896bcf55649bea44969800c,TrinityCore/TrinityCore,True,Core/Loot: fix bug introduced in a49544cc187d3a156b4615907d6b82057364fcc4 in which creatures only ha
1fb2334b0b143d49899a5234d8fd52c9f865ef7d,anonimal/kovri,True,AddressBook: fix host-saving bug introduced in 5062d70  - Previous local variable naming lead to set
81b6cebb95500ed1353b7fb5f98c6e1c1a57f02f,negge/tx_fun,True,Set max_shift to 15 before testing in dst8_search.  This fixes a bug introduced in 3dd5a11b which sw
2b33e997d2b71d7c0c8c9fbe3cadd213f2e65a0b,alliedtelesis/netmap,True,mlx5: fix compilation error introduced by cf9e6c7f0f7f57ad
65b59a58ddad52aed73fb6492e177c63bfcf09d3,modernish/modernish,True,installer: fix bugs introduced by cf99991c  install.sh: - Separate out command line option validatio
1f5cce174c23edbb17b36f97ac75b95aafb14178,odoo/odoo,True,"[FIX] models: remove useless assertion in _read_group_raw  For historical reasons, a field in the re"
efb2b3783ad17ebe3da24f7150b88f7942a95952,qtux/myo-raw,True,Add a boolean to receive un-/filtered EMG data  Add a boolean to choose to either receive filtered o
4c96d79850aa519eb6bfb7e71316b5ecdba74ee5,LivelyKernel/lively.modules,True,fixing name normalization issue of file urls introduced in b56f9d6
71ecb7240cdeadf41159a48a6ae531e53a29575c,onekiloparsec/SwiftAA,True,fixed an error introduced in fe83bea
429f8474de95ed8a0abd6ef8272e26fba87e68be,scottyschup/aspera-events,True,Fix game_type_id bug introduced by game_type_id fix in eb78bc2
c204c72b27a354347ff3225420456a81cb7b666c,wikimedia/operations-dumps,True,fix arg initialization issue  This fixes bug introduced in d8978ce7eb61dbe711caca7bf9cbbd15b7b34ee8 
27d088da7e3a299eb8f38ec698c63b0ea9825c53,DynareTeam/dynare-preprocessor,True,macroprocessor: fix bug in set difference introduced in 5f1465f9
1a9b670225b1cf2586e80cde24c4ce9bfdf06da4,INRIA/spoon,True,"fix(imports): fix a static import bug, ripple of adb2fd7420b3bf01e696be87f4791759bfb6de53 (#1060)"
744889b7cbb56a64f957e65ade7cb65fe3f35714,SirMaximilian/snickerdoodle-linux,True,block: don't deal with discard limit in blkdev_issue_discard()  blk_queue_split() does respect this 
3769bcc52338a4381d19443c18386f8261297fd7,chadcatlett/brew,True,formula: fix safe navigation bug  Safe navigation needs to be chained to preserve equivalence.  Fixe
eecc9ed743d0623bf03ce1ead44ed329fa11211c,Ardour/ardour,True,fix various midi display bugs introduced by 9038be49d8.
0063c70132971d2e627f4b583add000396266660,jerrykrinock/ClassesObjC,True,"Fixed a bug, introduced during the big rewrite of 9c39685 on June 9, which caused the rarely-used ve"
ce117a452042e5f13d3c3efbf8e5150a563c843f,ejaku/grgen,True,fix for bug introduced in commit c964ca56 from 30.01.20 (incorrect helper function called/missing he
b21a64e0df265a4afb491ab224f95b36291097a9,mkutlak/retrace-server,True,Fix error when calling run_crash_cmdline after conversion to run()  This fixes a small problem cause
976ea8340ea62969a7987b1539859b0fbb778a5e,gpac/gpac,True,fixed bug introduced by 923f57fa
8e581a9a2991ee8494d75c5d067ce9c413e1ef08,jbrzusto/motusServer,True,"fix bug introduced by commit 0e227e78bed9da66644486463f755493e56d26e2 sleepy programmer, apparently"
98508c22626cda8d55339f9d1aecfd3f4600842d,gpac/gpac,True,fixed bug introduced by 976ea834
ddbda7e6670cf641b7b2d360e503f7b5df082d02,DigitalPebble/storm-crawler,True,StatusUpdaterBolt : fixes bug introduced by c48a5bd and simplifies code
5c0b3e223d25699a81482d6b694e2fb8cdebb8b2,alexanderreiff/stellar-sdk,True,Add effects for transaction to CLI  Adds a command to request all effects resulting from a given tra
309237f780b1eb9e61a8b6473309808a3dafad12,camsas/firmament,True,Correctly create directories for example outputs.  This fixes an issue introduced by 3a84f6c01ce87d5
2fbf93e49bd860bcca71ff739994a4265546e7d1,locaweb/cassette,True,Fix bug in tgt caching  This commit fixes a bug in the caching mechanism at `Cassette::Client#st_wit
bdc0c4a0f18fbb0f54c84f39affde02eb296da73,martintopholm/xping,True,ui: fix ncurses errors  Fix NCURSES errors introduced in commit 94f8626 (main: split struct target i
bb1be3225c0ab7325bd51bf8cd5807dc7214f06b,pdfpc/pdfpc,True,Removed more abstraction  Also fixed a bug introducted in commit d4965de52 where the next view showe
314be3f7d36c096953f353a99e97604387488284,jzdynamo/anote,True,Use autobind annotation to fix the issue of losing context due to aa48437.
3d78f783cb0314e1113b9df06c2e884e1b6fe749,Anacode/ensembl-otter,True,"StableIdAdaptor: ensure full prefix is used.  Fixes problem introduced by ecc0850, resulting in e.g."
0debfc5b6c4ac051bd2b0401f9cfad6606948a70,hiptest/slate,True,publish: fix of an entry error  generated from commit 5a0c9c24dfb86aa9037f10b4b121fd2ff4ef7d3b
29fc17f2605fece05375d147c22096ed9e995578,vatesfr/xen-orchestra,True,fix(xen-api/putResource): ensure taskRef is not sent on probing  This fix an issue introduced in ba6
10ac6e9ffa54e6f5383c3a123a72ab33a3d5dfa0,rzumer/daala,True,"Add $CODEC when aggregating .out files.  When collecting .out files after running with various QPS, "
2595ce2d322cd74653eca2be43f79ad63104e61a,Niknakflak/-tg-station,True,Renames /datum/dog_fashion vars to reduce confusion Also fixes issue introduced in d2fd3f36918b9abfa
4a7d9a840ef8ba1c4fb5e9261b5334e9243434a7,mpeylo/cmpossl,True,fix minor build issue introduced in commit 884f23b8b720
6fbfa1a338a7b50309b4c209b70d11085c7900b6,musescore/MuseScore,True,delete audio files only on cancel  fixes an issue introduced in 39b0d3d
d9eb7d4cb696cb460a988cda8d36e5719f4c283c,apache/kudu,True,KUDU-2229. consensus: Leader should not start FD  This patch fixes a log spam issue caused by commit
a62402ab6fff9839ad163d1cf1d0202f29575970,hiptest/slate,True,publish: fix of an entry error  generated from commit 5a0c9c24dfb86aa9037f10b4b121fd2ff4ef7d3b
ebef05e999309fb13f4d557f343ec22345d9eade,vividus-framework/vividus,True,Fix NPE when stories are run using JUnit runner (#297)  jbehave-junit-runner builds JUnit execution 
0e064c2b1c8f06f4ba389d01dbe6ddbd6f32f336,AIFDR/inasafe,True,Bugfix 2235: Fixing earthquake population count issue introduced in c6d83eedba7852fd84a85f4392395cc6
6016d9fc1d2e20148baf8d2464f194fd4e14b9c4,DynareTeam/dynare,True,preprocessor: fix bug introduced in 1ba04976aac043deca38edb03e0dfc866dfadd67. #1039
2ff14d7c5a61b8a9d8d288aec01688ed0b9488f0,schierlm/OberonEmulator,True,Add WebAssembly accelerated version of JS emulator  Also fix a small bug introduced in c355a8fd7745c
8abfd74e85d19903559ca65da92796aaa395810d,firehol/netdata,True,Update netdata.spec.in (#679)  fix config install error introduced from 1abb8faa
fbf65674a471d12e43f4050086969f417e00891f,coreos/grub,True,"net: add client arch and fix user class/terminator  send client arch in bootp requests, for now BIOS"
4fdb8cf445a6e3b5c34df5efd18ead1be319e0d9,dials/dials,True,fix bug introduced by b217980822f2a7059904ea6b3e8dc5b50f85fa1b causing disappearing reflections with
d3a3b0ba27fc46a48273f8f311e1b7fd751fcbc5,wireshark/wireshark,True,tshark: fix pdml export for LUA cases - bug fix for wrong level introduced in SHA-1:b8ead953 - fix i
5bebd0bc7638bf8373598b87404d1cc13cf8f5e5,jonas/tig,True,display: remove separator on horizontal split  when switching from vertical split to horizontal spli
da93f29c9f36a56908f65659539311b55b0351c4,yuhuibao/mcx,True,"fix a shared memory buffer length error, introduced in 9a631d15"
a4635e22070b3b96f119026daf47a97ecb96c8ff,nharraud/invenio,True,global: fix flash message CSS class bug  * Fix bug introduced by ecb6d6e79282fb555483d3133bf3e61dfea
c8e84139204354ff2d4951d10a3f605bc8492e96,opbeat/opbeat-node,True,standard: fix strict equals error introduced in 01cd1a8
de4b0f404e9ceacc14353fa0770b65602f69b782,jrl-umi3218/mc_rtc,True,[bugfix] Load global yaml or json configuration files  Fix a bug introduced in acbb1fccf1978bedb5755
24c57a63c9cb4064af1932b6d979d637f2fb9c37,cquike/casacore,True,Initialize preselected_p properly even if no DATA or FLOAT DATA columns exist.  This fixes a problem
f70237ffe2fd71b536b191b1f68fc635362f60fc,aureliendavid/gpac,True,fixed bug introduced by ae43dc6
44f3a85f24e2fb119396ea7020f9ddff67cc6506,patrickrgaffney/patdown,True,Fix leading WS on opening code fences  This fixes an error that was introduced in 913c28d.
d10479120e566e09a876183ab7846485cf550cc1,michaeljbrazell/amr-wind,True,fix a bug introduced in 7a5a35df5a43bf7d0edc5b1
a063666d42424979ed7cd4f61281a8a5816a94c9,NFFT/nfft,True,"#72 fix error in fpt.c introduced in commit 57bef63, which causes nan in DPT"
26a25959ef508ee338a7840a7c560ef5e88793cc,mrfrodo24/ea-masclab,True,fix pre_processing not returning selection as struct... - also undo bug introduced by 1ba47b0
e7e23201c5ed930e92e6b67ea59365f6890d78cd,pseewald/fprettify,True,fixing bugs introduced with de43d68595
3eab3c4de8da799944ae8b2ac274908e6a3a581c,abrahamson/HAZ,True,fix to bug introduced in commit dd404a6 when step is larger than distance between fault points along
12c358b137351c6201de217f3ac8dfbeccc5f6e6,jan-san/meteor-electrify,True,fixed minor error introduced in 494f26fac3397a5484a6403bd66ad55c405f3f21
8962e4c639b9bda5bbd40c52df250cc90bdab29f,chrisallenlane/novahot,True,"Bug fix  Fixed a bug that was introduced in 3c847077b47c19f, whereby a value of `undefined` could po"
8e80335f324b16680e60a9cb04ff012ea88ca615,OpenSIPS/opensips,True,dialog: run loaded callback for dialogs loaded from db  Fixes a bug introduced in commit 8c8f27f tha
d45421d0e6503b3b3529611aafe762f04199f2fe,ceph/ceph,True,rados/objclass.h: fix build define CEPH_CLS_API in all cases  Fix for bug introduced with 096668ec5d
2d1cf4d9be5bcdd88fb3ab4d77030557014fbb3c,vjf/itowns,True,fix(provider): don't restrict outputFormat to mimetype on WFS layers  Fix an issue introduced by b38
2f3ec36c6a7e7e6d4d78c7430f3d17ee8f71a464,ejurgensen/forked-daapd,True,[input] Fix for playback pause on http streams  This fixes a bug from commit 37ce8dd6 where seek_htt
c309fc2daf6122939ff59b66cacdba6ea42aba04,eskalon/ProjektGG,True,Removes the round end data in preparation for mid-round loading.  Also fixes a bug introduced in #b1
caf2b5afd1bf747ae3123c3bf1e5b99519fd8a60,openego/eDisGo,True,fixes the bug introduced in a2ea2ae0c1b57275e1004916436cb6e554cf9fd6 where the _curtailment wasn't p
da76dfb5159c2ca8ee24d64a5f85a68f28b70c65,mesa3d/mesa,True,intel/vec4: fix valgrind errors with vf_values array  Fixes valgrind errors introduced since commit 
9d27c32c220bb9c8617bf7627d5ca0ebc5cba0fd,unity3d-jp/USDForUnity,True,fixed sync bug (introduced in d12717ef2ed84d8bd7681d882cfafd3add93234f)
5a9551925d4e3fea0ea5ec6d50733803a22b6445,asciimoo/searx,True,[fix] fix bugs introduced by commit 0a2fde19d031acef80ce5991bc6b41528dbfbf5b from dalf/searchpy4
0e6e7a1e52a53090e33ebef13f8f1fbe9bec2375,python/cpython,True,bpo-34419: selectmodule.c does not compile on HP-UX due to bpo-31938 (GH-8796)  Fix compile errors r
0f7899134a9de34c60b684f65ce2328caa3598e5,Adobe-Consulting-Services/lazybones-aem-templates,True,fixing error introduced in 316054dae884785305003c65b226659c788e3f92
2ae79d22fe309750cc198255d9cc3d10e49f9b1e,js216/CeNTREX,True,fix bugs introduced by 5661dfb8df6687d4f7b0d88000b5b11e07ace9fc
4dcc029edbe4bd5e30d4f0cdcf123ea4ed2b6418,llvm/llvm-project,True,[ObjC][ARC] Keep track of phis that have been discovered to avoid an infinite loop  This fixes a bug
8a03f138bf2d14a3e5d864df22563e72a19b85d1,SirCmpwn/sway,True,"bugfix: set focus to workspace of an output  In `move_focus()`, when given an output, set the focus "
d3f89bef7ce056c45dd381c3146ffa757a26b9bf,washingtondc-emu/washingtondc,True,fix build errors introduced in aea12c500d63183463400f9bb56e65d8fc341bc7
aa91dc45d139a89dc179150a4e34ca72355f830d,ctu-geoforall-lab-projects/dp-pesek-2018,True,fix errors in saving images introduced in e340494
d96d52d980a26273fb9661b30f6ffc62b585f819,plumed/plumed2,True,Fix  fixed an error introduced in e2f37a30d8081e8911e93d6e13d0241f0215f1ac
7866a252a742b29a6bcb0de6d0dc87813a4a2e22,code-saturne/code_saturne,True,Re fix bug introduced in commit 85c105c (2018-04-24) (switch to pressure inscrement).
5bfd8027dde90043170ccb1bd4e5ac6050f33bca,Collaborne/kubernetes-aws-resource-service,True,Return the created kubernetes client configuration  This fixes a refactoring error introduced with 8
19a9891422d2c9a988862e651651cd46763440c8,cyclestreets/cyclestreets-setup,True,Remove tempgenerated fix problem introduced by sprite removal 960461a
aebda618718157a69c0dc0adb978d69bc2b8723c,OpenChannelSSD/linux,True,usb: dwc3: Reset the transfer resource index on SET_INTERFACE  This fixes an issue introduced in com
1f2d837b98ad3444aecba880a63597ce17e923ec,Taapat/enigma2-openpli-vuplus,True,encoding: fix compile errors in mapEncoding intruduced in ea83195a97455db2fdd1dd6e7f75649bf5241b30
811ff0b9031a0057be3e49705fbee008fddb3c45,wikimedia/operations-puppet,True,bugfix for 4026b5c3b  Change-Id: Iceba64980ac4cb046f40787dddac168dc1508cfe
0cb108f0ec6fb52472becfa705e674f58f75dcb8,joshdick/miniProxy,True,Fix form handling bug introduced in 8f77479c2a5ba8884fb4fa5131a2657da3b2dfc4 / fix for #36.
930981914a0a5335132949d4153ec0dee590a2df,ArduPilot/ardupilot,True,AP_Mission: fix small bug in d5a4c6b
d114a6bc74e49cf0a6b3a0b4945488bd94e6e212,mikeseven/EDVR,True,fix bug introduced by commit #fb1fe30
64c5dd1cbdea299a8ee7712f319780bf9f94acb5,sctplab/usrsctp,True,sctp_output: fix non-FreeBSD compilation (#324)  Fixes an issue introduced in f4166b347188af0de05fa7
6eb6fb4bacdfd093a964815fa1d9d39e9c039ac0,mdrews93/mdrews93,True,publish: Changed GOOGLE_ANALYTICS_SITENAME to hopefully fix the problem  generated from commit c8a3a
d714304c311d8e9bf9b88eac92a89d04af99e470,nouiz/Theano,True,fix gh-3377 bug introduced by 41a8e89b63f5 merged by 7320e1b. GpuElemwise with non contiguous inputs
0dad50fcd7f84f260ab8a735ce503d2d21515436,matthewvasallo/angular-grid,True,fix bug in advanceAtEnd introduced by 1903d26f.
1ae89287bf7d15b0077f09a07b3e1b9e14f30fe3,mas-group/youbot_description,True,"Remove duplicate ros_control plugin  There was a duplicate ros_control plugin, which made it impossi"
da1915c9f83fa8429b351a7b044b5dbd9a258539,geemus/stringer,True,Explicitly set `db_dir` in Rakefile  Fixes the following error introduced in 81a60ac44197a021aa8a7b9
b5e49f1319c37b4da3a010e09fc370d9285bb828,osrg/gobgp,True,server: fix advertising multiple local withdrawals with same prefix  a bug introduced by 33276618968
775a88347154be96b6af6aaee99655cf9caf2890,google/neuroglancer,True,fix(display_context): fix incorrect offsets and scaling when rendering panels  This fixes a bug intr
e7cc11a69c180838725f59f707f93b12144a69ef,jeffmccune/terraform-google-forseti,True,Fix boolean logic error in module.server.null_resource.missing_emails for 0.12  This patch fixes a b
9334d0ac48239156d7e6d2e08c626852fca8b164,KDE/kwin,True,[DRM plugin] No forward declare of DrmSurfaceBuffer without GBM  This fixes a compilation error intr
e06bed806a81a4307f58a9057a67d3a55f628a86,rtrlib/rtrlib,True,rtr_mgr: fix uninitialized pointer read in rtr_mgr_init  This fixes a bug introduced by 7c6ba5ccf879
9c0c62b9998db264ff55cef2497a414a41f7b6eb,jonls/freeserf,True,game: Fix regression causing failed loading of save games  Fix bug which seems to have been introduc
abbd00b82a2771b0460ba2cffdb1343aa827ccde,TobleMiner/linux-pinebook-pro,True,net/can/mscan: Fix buggy listen only mode setting  This patch fixes an issue introduced recently wit
01ad8a01f6a0d885f5992018147caa5ce223dd0e,hamishcoleman/thinkpad-ec,True,BUG: fix incorrectly updated line (see #9)  This fixes an issue introduced with 48b019b6603f3563cdf6
b0c835b273aa541c038b0af7d522477b006f271c,gdh1995/vimium-plus,True,fix a bug in e4012cd6d1c257c505f5dbe3e2b4c27bd09ddd65
8738da4321e40130404183f6088f0a2c3d46b24a,fau-fablab/kastenwesen,True,FIX check-for-updates  and add test  fixup for bug introduced by 02aeae335e0f36c078c824cd211a10870c3
09a176f30c6f80a321eb4017ced27bd6ee7933dc,TravelMapping/Web,True,tm_fetch_user_row_with_rank bugfix for 8f78502
857e7189a032a80aa06042ee0ae6105da3515602,GaloisInc/saw-script,True,Reset Crucible proof obligations after each verification.  This fixes a bug introduced in 0a49407e (
d07621b825d98db4518141da526174fc08f51b85,jrblevin/markdown-mode,True,Better markdown-header-face fix  Fixes a bug introduced in d587180.  Closes #193.
d4cb8aee1674732e5bb2351bbb60357956af269a,ibpl/otrs,True,Fixed hiding attachments with Content-ID found anywhere in the message body  When displaying HTML me
7ca0cfebf6630b59fd1d1db3ee39cddfe8a6a353,mozilla/security,True,fix a couple issues introduced in d85e718
06f967b8defdec7bdc410d3c5a231421ca30ae73,ralphlange/procServ,True,Fix bug introduced by 50ff0b3 (fixes #18)
04b8dce6cbd23cdf69254cb07deb6f988439a267,dials/dials,True,fixes #278 (fix bug introduced by 89e0a64ab297)
5504e9d82a222f69576f19d2987920be66c8c09e,fluent/fluent-bit,True,"build: reintroduce build/.empty for convenience  This fixes the bug introduced by 3ea3f247, which de"
54e1cc15fe9bac7faeba16b05be671e08d2459bc,Collaborne/collaborne-frontend-proxy,True,Move the server code into a separate directory  This fixes an issue introduced with b49a67f09f2f8011
416a5f5846c3b98354c966d176b3314a2e44e361,ethan-halsall/Simple-Kernel,True,"sched/deadline: Fix switching to -deadline  Fix a bug introduced in:    72f9f3fdc928 (""sched/deadlin"
b981bdaaf5db4b1380242aec2aadbaadeb25c29a,wphicks/Writing3D,True,Make objects with same font use correct font  Bugfix for issue introduced in 7d9c8ca9530a5f
648d5c7c221c815b1d6512fc23913408932a0db9,garrynewman/garrysmod,True,TTT: fix spectator mode not syncing after level change  Should fix problem with spectator mode losin
17a84e93e2adfa19454a96e0600fc8115710aacf,code-saturne/code_saturne,True,[Atmo.] fix bug in humid atmosphere introduced in commit c3a833d65 (2019-04-03).  The liqui water co
6fab502c93806a4421efb3d306c2a7e1b2d3d32b,missirol/ParticleSwarmOptimization,True,bugfix in PSO/PSOManager.py (introd in f78134eb)
75e071ba5fff88fdce7bff1a67a2c6537e62ae89,Kong/kong,True,hotfix(config) allow specifying 'headers' via config file  This fixes a bug introduced in 976dd872 (
f9827a57a728ed28a3d8cfffc50c362f32f3b5e9,audacity/audacity,True,Minor fix for commands for shifting clips using the keyboard.  Fix for minor bug introduced in commi
a471761d866b8e02f0143a83c1842d02f9e35184,analogdevicesinc/libiio,True,Local backend: Fix extended name not handled in scan-element attrs  Since the scan-element attribute
2c41653a7e659263d4e7fcf958e1fc7ef7b2849c,google/neuroglancer,True,fix(sliceview): tweak sliceview chunk priority formula again  Fixes the problem introduced by commit
98dd86f8c329434bf9ddc4af9f2d99c5a86400c6,freedesktop/ezbench,True,smartezbench: fixup an issue introduced by b0c85333de  And I thought I tested it long-enough...  Fix
a59d7ca2ddeb790893cb9bc1485351ccf7888827,nrz/ylikuutio,True,Bugfix: `AnyValue::get_string`: correct output for vectors.  Before this bugfix e.g. `get turbo_poli
f72b540042d74da21c98c9597cba9b60dcfede83,nrz/ylikuutio,True,Bugfix: `AnyValue::get_string`: correct precision for vectors.  Before this bugfix e.g. `get turbo_p
f7175e487815986cf1ee9b0e08c3bec6bec37217,bzg/org-mode,True,org.el: Fix bug about cycling  * lisp/org.el (org-cycle-internal-local): Handle `org-cycle-include-p
36b13dfdf0c4f89a22f12c9cb659b0ad2e33a8a4,rstudio/rstudio,True,save console process before computing interaction mode; fixes #1810  this change fixes an issue intr
a65ceae98f011106db61a54d4fe896bc0d5fe5c3,TASVideos/desmume,True,"Cocoa Port: For Metal display views, be much smarter about how we do synchronization. Should fix the"
62ba2acec0889f6433f8bd0296e0271b4d3e5e8a,astro313/uvmcmcfit,True,"this is a fix to a bug introduced in 27720fd0 - uvutil.statwt() was working fine in 4c45ce167, but s"
59d097a327ffe57625621a2fb4c5b1786755289f,t6x/reaver-wps-fork-t6x,True,"add support for QoS data packets  some APs, after having 802.11n HT caps replayed in the association"
822bbe0bb24e5d12780d13985dd4b810d15cff5b,nodejs/node,True,test: fix linting for test-tls-add-ca-cert.js  Fix lint error introduced in ea72331af  PR-URL: https
ceb21abd16984e2aeccaad6b3824457adafd505e,janelia-flyem/DVIDSparkServices,True,"subprocess_decorator: No longer depends on multiprocessing.Pool, since that class is not cooperative"
d23b391094123fe0db50e9e75c31912e376f1ae7,6WIND/os-vif-plugin-vhostuser-fp,True,"vif_plug_vhostuser_fp/ovs: fix ovs.unplug  This fixes a bug introduced in the commit cb8edc16a7da ("""
2e33ff2e4644bb64c007fdbc4660e12252c5eb72,EPICS-motor-wg/axis,True,"EthercatMCAxis.cmd: Amplifier on when homing  EthercatMCCreateAxis should be called with flags = 2, "
5b29e6b688d1e783a098aa24f9e795f8de798a87,postgres/postgres,True,"In PL/Tcl tests, don't choke if optional error fields are missing.  This fixes a portability issue i"
d3436a7f3240b8a657d35e417515d4e18fc9e396,saagarjha/glibc,True,"alpha: Fix static gettimeofday symbol  By undef strong_alias on alpha implementation, the default_sy"
5c7e17276c8eb0c2a845cecb7d644a4bccf80519,fwupd/fwupd,True,fu-util: fix a logic error in report uploading introduced in e076d48afb74d1447936d353f12781755f13b04
f71e6649a03b281e56de6f564e30f963f32e30ca,jabl/munge,True,Skip OpenSSL AC checks when using Libgcrypt  This fixes a bug introduced in d913c15 that would needl
eb179c8294be6444ce3047edda3107aa864267ec,zachahn/munge,True,Fix inline asset tags  This fixes a bug introduced by 8a75b8868c9c7d8f4d0a3d3b535f10df7829558f  This
febb8fa1df77ccd25c3d4274fb6a2b6e6705493f,Kappa-Dev/KaSim,True,"fix to a bug introduced in commit 489c6ce6491e93aa8849445f1d2030215fd53e53, in DOTNET, we do NOT all"
a289dfd69b3ff4bccdde93e84b67c947bafa27e1,systemd/systemd,True,journal-remote: do not request Content-Length if Transfer-Encoding is chunked  This fixes a bug intr
a71276b14eade1d334b682ab481189bd8196e427,coreboot/coreboot,True,"mb/google/poppy/variants/nami: Fix SataMode configuration in devicetree  Similar to Fizz, SataMode o"
cccad2e2e19caa99fb622670dc31a2233c280794,magnumripper/JohnTheRipper,True,Bugfix for the fgetll bugfix in 07ddb4f7. Also never allocate less than 4K.
1c7660316d1e56412be9bdf87cfc5001484e699c,Sarjuuk/aowow,True,Items/Gems  * fixed indexing error when calculating item enchantments introduced in c7fe84b7e0fd5633
38525cd3d36d47ce30ab4543c7768972610862d2,qtfkwk/ratom,True,fix bug introduced by 83c17c25e1a78a1c00d0b28438ddf8af63b0ffa9 requiring sed -E
cab4090f2d9d5805c191296dc2f86929e123202e,petsc/petsc,True,doc: fix broken manualpages - bug introduced by 1b266c9  Reported-by: Jakub Kruzik <jakub.kruzik@vsb
cc345d380d56d3edbb026901e54fd89b681705e7,radarsat1/siconos,True,[cmake] fix install errors with python3 introduced by 888bd07e2 (2to3)
345ffa21cd05c573ac9e1c3ef456f330f7def611,alexcu/doubtfire-web,True,FIX: Resolve tutorial issue found in 04f2bc9 without hack
7a85f344e38daa549e75863744b10cef4005369c,ridibooks/pdf.js,True,Resolve lint error of ac23019
8d1da29f11f75d98245ceb7e891f2fb1d148286c,bookbrainz/bookbrainz-site,True,fix(EntitySearchField): fix issue with filtering introduced in 57deb63
5daec17e32df9f9d284c8792bdd67b70af9589c0,OpenSC/OpenSC,True,ias/ecc: ignore missing serial on card initialization  fixes problem in card detection introduced in
d38ab97022557eaa6b0234bd79941532281a75e5,claudioandre/JohnTheRipper,True,circle: fix the build issue introduced in a63b819bfc8a1559ace20b2824eb7f2e9014b5ea
3ba88c6d9be56a574f9934ad08d18b4643b4f63c,zenggzh/deeplearningbook-chinese,True,fix { error caused by @liber45 in eded273ba3
f77555f792e8515192d6fe973d7c4e1532da9d5c,nodejs/node,True,test: fix syntax error in test-dns-idna2008.js when failing  Fixes a bug I introduced in 961322178d6
40ca985fc108ad71ec9a8a5bc4c82e4749e771d9,structr/structr,True,Bugfix: Opening the crud edit mask in a maximized state now functions correctly again (my change in 
7edc7fd44310fafa79a30660b33eb30ef99c7bdd,sclabs/projectile,True,fixing intentional style error introduced in 1fc5c0a
a41e29e05fc9050b3bfcf9a90b886fedec596601,woocommerce/woocommerce,True,Fix error introduced by commit be05eea5da  Commit https://github.com/woocommerce/woocommerce/commit/
368fdaf51de2478eee9223032b3f7caee58cf132,freedesktop/spice-html5,True,Disable the onload function when clearing the image source.  This fixes a bug introduced by my commi
220d5c8173956c93da4f86afcf31fcffb593fa1d,justingardner/mrTools,True,"viewGet.m (overlayCacheId): now gets overlay range, colorrange and alphaoverlayexponent from all dis"
2832f997c57ba1e080146caf0c0bcaf6a9bb4465,KiCad/kicad-source-mirror,True,PcbNew; fix crash on copy/paste Due to a bug introduced by commit ba1e0efda that tried to fix an oth
d08b00eef241e9f97d65b2fe4b3b3c6cf0e48eb7,tacaswell/ophyd,True,FIX: Adjust QuadEM to fix bug introduced in cd4d65e3.
89c089127f9ac57ca45348f7ac8c71624b68955d,maxgalli/root,True,[CMake] Fix 'Numpy not found' bug introduced in 424ecb  This fixes the following:  CMake is re-runni
ec79377b395340945bab0045f47b924ea2fb5cdf,hjmjohnson/RTK,True,BUG: add clip planes before adding convex shape to Forbild phantom  This fixes a bug introduced by 1
17e9ce9dfd5263e3cc064664b4b9c1a4004146c5,arvidn/libtorrent,True,Fix CMake targets names in the Config.cmake file.  This fixes error introduced by 44b5777be3da192e66
2697fe6cb4da8ae456422a945cf3e60053f8656f,piwik/piwik-dotnet-tracker,True,* added test project with NUnit * fixed issue introduced in commit 4141d695a8f3e6625ab06478bfef59b21
284b51c658cdc1d096bb5a730d1478c277afc0f7,magnumripper/JohnTheRipper,True,minGW: fix for a memdbg bug introduced in b701bc0
0b060fc30d44f85ee4db2d9c52473996dec6a497,GreyLeshy/android_kernel_sony_msm8994_kitakami,True,USB: EHCI: fix sparse errors  This patch fixes several sparse errors in ehci-hcd introduced by commi
e2e4e69007e5c1a39dff989101079a6bb0b00e9a,vibs29/bordeaux-threads,True,fix clisp mt-mutex compile error introduced in commit c272d5a4cc1c4f54fcd21dbd6a29c3d23da4d5e4
57da742b13c85b5671be2638d7c9d1d31c5c93bb,gluster/glusterfs,True,cli : fix coverity cli-rl.c  This fixes new coverity issue introduced by commit 5acb74d7da.  Fixes 1
3862b72c990dc405a19269c7dbb9cb75196fa9b7,tensorpack/tensorpack,True,fix bug in Conv2DTranspose For TF1.13 (introduced in 152c4c2c057c6)
cdc06458995f1d1423718130143ce5e253154c1d,jantman/versionfinder,True,fix for test bug introduced by 9699f400c7302fc64d651d8f0fa25d2be7e4432a
3fa557729efe38ecff452c78396fa5b5888a9afa,wikimedia/parsoid,True,Refactor getWikiLinkTargetInfo to accept strings instead of KV  Also fixes a bug introduced in 9a119
c8b615f205e6df605a9ae4dc005f068e59ea4316,kezabelle/django-shouty-templates,True,"Fix syntax error introduced in 4b1b3bd while ""fixing"" #1"
6b3a4e6d6f9e738655c28f5f2677809b2efc959c,pyr/net,True,fix bugs introduced by ff24b41fd75aa0ce2acc0a247a27f79aca1160ee (#13)
0a3bd5018ad72b6e9e4ea86755f8e4ecdc755ba0,magnumripper/JohnTheRipper,True,"Bug fix for SAP-G format, problem introduced in 27c9bf17. SIMD_COEF_32 was tested before defined. Al"
b9c2dc05856c7895f2d8b4f057b2caa5925fbdb1,linduxed/dotfiles,True,"i3: remove screen restart binding  Introduced in bdf15ef0, this binding solved a problem that no lon"
193ecce812ac746d54b36b21a054f9bdc3143a6d,MacGyver-NRW/oc-server3,True,fix user_inactivity api bug introduced with f3fe2f9
e9eed8c0e8c2d55592a659af259974a45922bdcc,cyrusimap/cyrus-imapd,True,mailbox: bump the counters when we bump the modseq!  This fixes a bug introduced in bbe312e6501f3a87
72a972e716e459cb9d4ebfdde02152bf6aca2649,Cibiv/IQ-TREE,True,release 1.6.1 again (fix a mem bug introduced in commit b2409ad9a7ae) (thanks Pablo Vinuesa)
81e426c13ab7b0483ad7c3dec1b71022919c6240,agilgur5/react-signature-canvas,True,(fix): fix broken dotSize function  backport v0.2.2 bugfix from 342ce9609b990c71ba9fe0cea11a42fe4607
90985ee2ac46dcd6366bbc14172997a39ea20f16,crossminer/scava,True,fixes error introduced in commit d76b709  also updates R egx to not replace existing src classes as 
ca5f8d743d8493af3fb9bb7d944c10f72c22031d,mcalmer/sumaform,True,"Fix: add empty else branch  This PR fixes a bug introduced in `8726bc9`, where Jinja complains about"
eff2a3c3a369b5c48fdd4f10236d18358bf00531,fish-shell/fish-shell,True,fix bug in ~ completion  Fix bug introduced by commit c114cbc9a that causes only the first match for
6618dcbc6c43eabebe7b64430d9baa828323a0f7,shubheksha/drawings,True,publish: finally fix rss issue  generated from commit 146756249aec1e467dcf6a151be4dec31154dc7a
656eca21e6b0ed21a2275445414807cdc7a34535,shubheksha/drawings,True,publish: finally fix rss issue  generated from commit 2b82b7e03f3e9df6adcfde8100d678ae470a326d
5b60fe3384208168beaaa67ad52a6ce8b1f31b71,missirol/cmstkmodlab,True,[assembly] bugfixes for AssemblyObjectAligner (introd in 1be93bf)
201a4a2867c8c1ce9360ce830353a74c7177e533,westlywright/ui,True,safety check  fix bug introduced by f5b2a95d728aee5b53a42c25b3f16940a6a22549
4470ea897eda9272e9b5dd3edb00c2855b0b88e7,OSGeo/gdal,True,VRT: fix error introduced in recent 977f2da59e46852f49534361860bb92f9c6ad1fd. Fixes https://bugs.chr
e8b9681a22d16464fb5920eed916d9375de44b21,crossminer/scava,True,fixes error introduced in commit d76b709
90e338f239f9c2afb9a7fe968584b332ef43626e,servalproject/serval-dna,True,Fix compile error introduced in c2103e3 (fixes #138)
f30183df7062fabf389dffb10c87d80180924cac,SonMinWoo/AnsanBladeWind,True,refs #8 and  bug of 4bfaa3b fix
701b1876c0fc0c583e4aff300ace5d33a1b97ed6,qemu/qemu,True,migration: fix saving normal page even if it's been compressed  Fix the bug introduced by da3f56cb2e
c46d36eb100c6e7ddfe9e43b1de0d584a72a2110,yfer/barcode.flutter,True,fix invalid checksum bug introduced by 2483ec4020c467a3777190b0b1edbd6fb684c176
896cb36df7260ef64c08f15202665892e9c7d9b8,duncanmmacleod/gwpy,True,io.cache: fixed bug in write_cache  introduced by a214f9a95a77ec392300eedfd4bec604f7358602
f0ee60b954b9647d3eb2249b991590b08ad39158,cosmocode/dokuwiki-plugin-struct,True,? Fix saved lookup row not being displayed  This fixes a bug that was introduced in ff2afc7c7bdf9f04
ff6203240f54d07743f98bab4459a02b14c31c3d,SAP/openui5,True,[FIX] v2/ODataModel: Make processChange method more robust  This change fixes an issue with submitti
583cae8293f3ac93c12f9cde40fbcb2014c63682,gpac/gpac,True,fixed bug introduced by e690f84d
0b45ff5278f0aa5770f661969fcb850e12f9ecf9,systemd/systemd,True,sd-resolve: add helper macro for setting of ret/_errno/_h_errno  Just to make things a bit shorter. 
76444461c5097381fdcda39f0c1f94da845c7c06,emacs-helm/helm,True,Revert changes for helm-minibuffer-history.  This change was fixing a bug introduced by d8708168  * 
75af5448d9d25ed61500245c34d59afabbc3ea46,Fahrradflucht/vcp-hamburg-theme,True,fix: srcset generation  fix bug that got introduced in 45d69e59037932f2d4bb8c48a2f2ab3fead5d421
d45b1b1b438c1b09a2fa7462c1ea3f02b5694414,facontidavide/PlotJuggler,True,fixing issue introduced in bec2c74195d74969f9c017b9b718faf9be6c1687
d682d365a561697118d0e52c0190241ddc3fd598,Jonathan-Ferguson/Quagga,True,ripd: fix minor issues from the northbound conversion  * Always apply the mask of IPv4 prefixes (use
1aa0a9b5d8eaacadcf5fba42c15fd7147c10d042,openthread/openthread,True,[diags] fix build error introduced in 2d0baf8 (#3006)
a7eadaaaaf089994279488f795bdedd9ded1682a,postgres/postgres,True,Fix pg_rewind when rewinding new database with tables included  This fixes an issue introduced by 26
870eea81669bfff4333b37b11fedd870cd05fd90,git/git,True,grep: do not enter PCRE2_UTF mode on fixed matching  As discussed in the last commit partially fix a
e9f2cd155fed42fcf86d69b399ea73cfc88dba90,petsc/petsc,True,configure: fix errorcheck for installwithbatch added in b9e7e5c1f1fe158a0312e1538d69d2999b53c077  tr
ba41e51e48cc168dd8fc37f8db14db7b9fa16d65,garbagemule/MobArena,True,Check if player is in arena on food level change.  This commit fixes a bug introduced in 88ddbe5ac6a
a46848531b9362f5cfcc6f97e22359fa016c814c,lijiarui/wechaty-puppet-padchat,True,fix bug introduced by fee0e662361dc090b82d78049d8427654d12b4aa
63a29f0496461e96c3f88344f158e18bed9344ae,cljs-oss/canary,True,"runner: fix ""early completion"" bug introduced in c398d7652cb5d2519d4a97c1cff61bcff048be7d"
1a39f57af167dd01edeeb655b2742d45adb28fe5,matthewrsj/swupd-client,True,Release v3.14.3  This release fixes a double-free issue introduced by e18eb69.  Signed-off-by: Matth
493f06add111631fe6ae569f909451ae251d40f9,Phrohdoh/easage,True,Fix a bug introduced by 11d2c2f4569322887de59d3f88a62617dab061e5  This commit closes #19 on the GitH
f7c3aa9f8cd77de684b69ffb08007e1a46f81af3,ivarni/designsystem,True,fix(ffe-buttons): margin on left and right inline button icon  This commit fixes a visual bug that w
636df43541c348f867c14b8a3d4ce9ec86d43566,MyCoRe-Org/mycore,True,MCR-1780 add log4j plugin processor to maven compiler  solves a problem introduced with 385c67b287f3
78de9935694cb4b336e875a9e49a090b29ca1658,staltz/manyverse,True,dx: fix updating of the profile after an edit  Fixes some bugs that commit 32e580aeb848dd2563acca702
ca29c78ada9c0713a061f77a0dd083567ba0347d,pFernbach/hpp-rbprm,True,"fix a bug with ponctual contact point, introduced by 430750e"
a21d8fb8595e60bea2505fe67b6a5fb1c1f7381d,ganeti/ganeti,True,kvm: Add missing 'driver' in 'hvinfo' dict (#46)  This commit fixes a bug introduced in 28639115d7 w
9198abdc2c5e0c4929545e4a69f714e6549b8ea6,OpenFastPath/ofp,True,Fix premature closure of TCP connection  Fixes: #152 Premature closure of TCP connection  Clear the 
5a15527bc533d8733b2cffb68ce856ace3ce83ab,canalplus/rx-player,True,"direct: fix loadedEvent  Fixes a bug introduced in 64eafd4b, that cause the loadedEvent to emit the "
e81e6ad05bebea3ee6f43835764ff75cb10743a7,cerisola/ising,True,Fixed bug in calculation of average values  This fixes a bug introduced in 2c252fea46496b127317b79c0
8602b74d8c62d93fa7a52196103d3c5e81a41e50,ManageIQ/manageiq,True,"Create instance methods for miq_task status checking  These were only class methods, which is silly."
84342a1f217afe88a0b03037766e824953e22b9b,ANNarchy/ANNarchy,True,Bugfix (CUDA): code generation error for post-spike events introduced by commit #6f77d81ec9. Updated
f4df0dc38e08d91bddd7a6dc1084c6516d182168,crashMOGWAI/crashMOGWAI.github.io,True,hotfix for bug introduced in 7d12aae
477ff2b594afd4017f6fb9e8f294c9b2a75b0d6a,apache/bookkeeper,True,"ISSUE #931,#907: Add option to track task execution time  Fixes a bug in OrderedScheduler introduced"
847bc7c9f320d9e6c7e93eba45ddeeee07bd1c32,stellar/go,True,services/horizon/txsub: Use CoreDB for SequenceProvider (#2287)  This commit fixes a bug introduced 
b8e4e6c8866244fb5dd0d94b38d44fda8fd3ca68,jaamsim/jaamsim,True,JS: fix bug in parsing a number in the time formats 'hh:mm:ss' and 'hh:mm:ss.ssssss'  Fixes bug intr
d04082d7a72461aa8bd8a594a22cc57a29d129ce,gphoto/libgphoto2,True,Add two internal symbols to libgphoto2_port  This is supposed to fix OSX build issue introduced with
e3b365c186f0b3806f409a5e304e9662a1a04373,RexOps/Rex,True,fixed a bug running LOCAL{} with global sudo on introduced by 40995ae2d92ebac6dd7dcf39f5ba110cfc6f0f
dfe7bd5396cc051d388454a17cd8838fabee2ed5,djarecka/nipype,True,"[skip ci] fixing _check_all_results (bug introduced in f1d603e, but worked for serial plugin anyway)"
16aabc86e0ab49dd9dc91dc4d0f71b3fbcdba2bf,llvm/llvm-project,True,[WebAssembly] Fix memory bug introduced in 52861809994c  Summary: The instruction at `DefI` can some
7baaa5736e1c1ecf3140452c378da07060238538,MitjaNemec/Kicad_action_plugins,True,fix a bug introduced in 6c19fac3acdce9df17ce5b648e665e8173e4ac8b
cd747b23ec7f62439c88476ea3e84fb8f46fa536,SoftwareHeritage/swh-web,True,browse/utils: Properly fix the issue with file-magic  Finally manage to remove the ugly hack I intro
6a9dea37f78005239ab26b447256da42bebffc04,p-kalugin/wxWidgets,True,Rename a class to restore backward compatibility  This solves backward incompatibility problem intro
13742c4602397edad2717c275a373080dc32386d,sqlitebrowser/sqlitebrowser,True,Fix recordset number in Browse Data tab showing -1  This fixes an issue earlier introduced in commit
82943db510b8e412711b29bc9e3efd679596465c,mlibrary/nebula,True,Fix filebeat log level configuration  This fixes a bug introduced in 0db1d5d. Filebeat expects the l
f3d19487a120814cff8af599fbfd41462d903d2e,gforney/smv,True,smokeview source: fix error in smoke loading introduced in 672861f2 9/5/2018
4ae9035dc774532272b65996f9a5c93dc3627ec3,lukasc-ubc/SiEPIC-Tools,True,fix for simulation using Laser/Detector; issue introduced in a3246a9
2bb9b7c56b08c21efeee58b7177df9c96fd5b94b,buildroot/buildroot,True,package/sdbusplus: fix indentation  Fix a check-package error introduce by 6bf74ce3db (package/sdbus
d20ddb3990fdad4fa1601c15b9bef664a289aa75,tjcsl/ion,True,fix: fail gracefully on 404s  Fixes a bug introduced in 55a870b
fbfaf8a5b31f14f6bd6be544815188fd4973667d,formspree/formspree,True,fix problem with missing fields introduced on 99d6c73
5f18a419e2cec9f46d67147cae957d304d7a0195,gnuradio/gnuradio,True,blocks: file_meta_sink header size error handling logic error  This fixes a logical bug introduced i
fcd0d7cdfabada5975a8650895e925cd2c9e3581,mcvine/mcvine,True,Refs #157. fixing a bug introduced by 173abe7
b00a072b73409b5732876d4f827c83cd73dbd123,ChoicescriptIDE/main,True,[bug fix] Project/Scene menu buttons not appearing on desktop versions  Fixes a bug accidentally int
7eb5bcc40b78a41a93d9505d71161cb196969c78,hercules-team/augeas,True,doc/naturaldocs/conf/lenses/Menu.txt: fix broken syntax  This fixes a syntax error introduced in c2d
9cec69a5085d69ea9956dee7053ddd22fd3b415f,openmicroscopy/bioformats,True,ND2: fix string indexing bug introduced in b48fd4a
181fd718780890210885d739904026188da59c31,squaresLab/squaresLab.github.io,True,publish: Update dependencies to fix security problems  generated from commit 31229d7ef056435e1664af6
099662023c89f5bb0a3e2e1b803de22d56b20f6b,Subsurface-divelog/subsurface,True,Move resetting of current file out of clear_dive_file_data()  This is the only case where C-code set
82916c0d56b6319398f635199222dff397fafc12,Debian/dh-make-golang,True,Remove unneeded golang-*-dev dependency for program  This fixes a bug that I introduced in commit 8e
db79ab2f9d74145a8f01a449f3f893137fe0ea55,vaadin/vaadin-text-field,True,Fix lint error introduced in 1d0aea29 to fix CI build
592731f0ba3eb66d2eb954f7a5a6d25ed6392c2d,pimcore/pimcore,True,"[Cache] Runtime cache optimizations, reduce container calls - fixed mem-leak issue introduced by 48c"
85b50d54c85e5649d21ebfe1c5a3a027f286cd82,rsms/inter,True,"fix issue regarding negative slant which would cause issues in Glyphs, introduced by e45e2e518abfe"
ba097bb5768ef4091dc8e06596662ee508adeb7f,android/platform_development,True,vndk-def: Fix check-dep errors on vendor_libs  This commit fixes a check-dep bug introduced by 7e723
7eaaf7f416ea06d507da5398c1557737327d1194,IQSS/dataverse,True,Moved some UI messages into the bundle; Refactored/renamed some methods; Also fixed the unrelated bu
28a08cf07fa8359bf389f8c766588a86df9b19cd,ffffwh/go-mysql,True,fix a build problem introduced in c55fec64
98391d81ce720c96eccd35187b625000cf10fcbe,lddubeau/eslint-find-rules,True,fix: fix linting errors introduced in commit 33f743c
352e7804655ee6e6daeeb7e87110dd55b4ff0cae,DerrickWood/kraken,True,Fixes a bug where unclassified paired output files are not created (#103)  This fixes a bug introduc
9a1ee28ec305ec7811b5c6d350cb0b2156048812,bluemaex/node-dmx,True,further fixes for issues introduced by d16472193895e6190465a2f66c0a33f9cfe3fb6e
7bb55ed099f611ec7077db69684a6cb93d42dc70,systemd/systemd,True,util: fix condition_free_list_type()  This fixes a bug introduced by c4f58deab56282cd438922203287cb0
fd0561de77c836cd3dac1dd1684ed9ef17b009ac,hansec/fortran-language-server,True,"Only apply encoding to change requests using Python2, fix unicode bug introduced in 4f2a16d"
fa29af5bce4d0ee3700fed3dee40159b7388c4e3,cozy/cozy-photos-v3,True,publish: fix: Selection on album view :bug:  generated from commit 5fd82b92e1d538cb846cc478595c1fe2f
eba9813b863baa010190443a5bb6a597518f2569,Kong/kubernetes-ingress-controller,True,fix: rename name to plugin in KongPlugin resource  This is a fix for the issue introduced in 32ca70f
3c8e64846354891a9e3100c2d77b326acb68e65b,slesouef/PurBeurre_FoodFinder,True,fix issue introduced by 6a551a0f33b3470ca3f573d0222613f7d8f75696 where read method no longer returne
f20b0b8500a8cad3938cf6ad875b0ed5bf24ce94,yupinov/gromacs,True,"Fix bugs introduced in c4cd996  Flags being appended every time to cache, causing endless loop with "
2bc5ff0bdc00d81d719dad74589317a260d583ed,freedesktop/drm-tip,True,drm/omap: fix NULL deref crash with SDI displays  Fix a NULL deref bug introduced in commit 24aac601
e3f1868e353220b43d44b8c76fb7beb432c92098,AMReX-Astro/MAESTRO,True,fix a bug I introduced in commit dab2301b8a4a5b40bf94aa0aa738a921045139fd where I was overwriting w0
db3c1d4cb9bf201b9f86ea58e37e078cee360206,racket/racket,True,units: Avoid use-before-initialization errors in signature contracts  This commit fixes an issue wit
ce2393d8325b207bc00e658ae5daf643050fbeb1,garbear/xbmc,True,Fix broken IR remote on linux  This fixes a find/replace error in commit bbf8045 from PR 12280.
0cef9785833ca3db32aa31d26b0fa77a9ceaf8ef,tkluck/pyperler,True,Fix unicode issues in doctest under python2  This fixes the issue I introduced in bccf96b4370c9f32bb
04014935f531e710d026ddb2cbf0384637313edc,Otiel/BandcampDownloader,True,fix: language not changed when cycling back  Fixes bug introduced in 25d339e
55ece42aa93e1b29c1ae0352f27d80d17f30668b,libbi/LibBi,True,fix CUDA compiler errors introduced by commit 951c1e20d3372f806fc0345b123b4c46f6487e3e
1f1684a26af02ec4930ae9c2c4754b8d05b060b5,osteele/assignment-dashboard,True,fix errors introduced in 8b8de29
b3f0bec861c34ee072d49a9a0f1e305564999110,cozy/cozy-drive,True,publish: fix: translation :bug:  generated from commit ec9b511972efe9d909d27a60075274eeb6e38f26
bc7838d9c5cf468b4fbb736d2874d4e3c240ac7e,SchedMD/slurm,True,srun env var logic fix  This fixes the problem introduced in by commit 777a45f9d28e4d0c631c5ad17b1bb
c22d5ab9f6ae0782c2a472feb58f3b3acd5a03bc,GNOME/gtk,True,imwayland: Fix clearing of preedit text  Fixes terminal emulator misbehaviour as outlined in https:/
f4f9b232a1952dd0c1b089070b811f58d4181b77,gridaphobe/CRL,True,GetComponents: use perl =~ where we do look for parts of a string  fixes an issue when specifying cu
1bf32bb5ac1b55c5c383024426bb0adad72a95a8,olivierayache/xuggle-xuggler,True,Fixes FEC issues introduced in 7fcd66c  This left FEC disabled on the decoder side for all cases exc
bb77c36f012afb8b81770cf12eabdff205d374a8,hugsy/gef,True,Issue #203  - GlibcArena: fixed the `dereference` issue introduced by 1722cc2f  - rewrote test-runne
292b7372d7f53f1ce6658dd2a0c5eb5087f613e8,redox-os/ion,True,"Fix 100% CPU with completions (#734)    This fixes a bug introduced by 9343db516ab0efe03cac35ada97"
c98d2ddab915355162b8033ff2419a4762d09957,gemrb/gemrb,True,GameControl::OnMouseUp: fixed one selection issue introduced in e980150  still more to go — it's sti
d7b23ed15a50cc5c9bf29cbfa21f4415b5dfbd60,ponylang/ponyc,True,Fix assertion failure on nested tuple identity (#1947)  This fixes a bug introduced in 9b9c084 cause
b7405c1c5071bb17154a625fbc5b46da5c6a9cf4,haproxy/haproxy,True,BUG/MINOR: peers: Missing initializations after peer session shutdown.  This patch fixes a bug intro
e8df1a38bd09e0416a1de7006615abfd1c845c9c,reactos/reactos,True,[CONSRV] Fix a corruption of the CONSRV memory when converting read input events back to ANSI.  This
acf0f1f25b6c80fd7cfe17ecea96df760c6cfd52,ocaml/ocaml,True,[minor] fix a macro bug from bd1a7c9b32e75
94512ffc4595e3d1fe506699b07720838a1647ac,cloudyr/aws.s3,True,fix bug introduced in 9627d8fe415ab9b293a02256a7e1e7645bd40052 (#142)
50f94eef837f0d5fb4c65f1a361a393d36ce3972,code-saturne/code_saturne,True,"Fixes to coal radiation issues introduced by commit da14bf90 (Jul 27, 2019).  This also includes som"
2dbe8eec53b806b366da1f100ebc5f3c8ab92844,Hoikas/LegacyWindow,True,Fix drawing issues introduced by 588a7c0.  I'm still uncertain if this is a bug in DirectDraw that h
7db93f13188ca789ad12ce2c9a6cc6276e201765,UAEDF-tomc/heavyNeutrino,True,Bug fix for prefiring weights  Fixing bug introduced in 7d663e6bb89bbeb997ef6bad966a99aaa1d9a5ff
bc05cd99b1f8091dce8d5861bcc65cf05443bc64,ntpsec/gpsd,True,Change nanowait() to use timespec.  This fixes the fix in commit 8c29500cd1e90281bb308894eda4989079a
87b453d1bd6d0d31df086d12acc63de608c5ed94,eclipse/sumo,True,fixing problems introduced in [5fc383ed4] refs #21
6e5233df7728ce81acfeaf6248542bc798b9fb69,maas/maas,True,Allow enlisted nodes that have commissioned to be tested.  This fixes a bug from 00f4173 that allowe
46c54c41507f161bda2e8c39661a499f36912ab8,JeanFred/wikiloves,True,Fix variables in `users` route  This fixes a bug introduced in d2e8993.
37dde06377a1daa9d86150ed431b89c49c699e10,ucscGenomeBrowser/kent,True,fix a problem introduced by f87fbb58.   Track hub tracks are in a group called after the hub name (e
f9c7cf79e410c10a714f65cb6f918164812456ab,wking/openshift-installer,True,steps/infra/aws/main: Fix Terraform format for module.iam  Generated with:    $ terraform fmt  fixin
650fdcf9337d7102e3c6fe832abd0d884e74e493,tjparnell/biotoolbox,True,fix bug introduced in c2d8927 commit
ddb923f50f9a5d4689359f2b99d2be5055584a55,kealist/ren-c,True,Fix for windows serial issues starting at 734f1ce Windows Serial was not functioning due to the path
5cb485c2fa6e551b9ff8949e9429abd02996cb78,vyos/vyos-1x,True,"ifconfig: T2057: bugfix KeyError  Error introduced in commit b38dcaf (""ifconfig: T2057: generic inte"
47506997dc45edbc27b3a0e7c22935606ebcac98,rauc/rauc,True,src/service: flush dbus interface to not drop property updates  This fixes a bug introduced by 7b273
0ead7e5e3f9cb951b2763750d38572be12bf5819,fotorelacjonusz/fotorelacjonusz-ng,True,Fix copyright dates to cover 2019  The application was first released in 2019.  This commit fixes an
6b5090c02cc2044c904a94379ee6ab2b3a7ef0b7,ry/deno,True,Move //libdeno to //core/libdeno  And fix some sed errors introduced in c43cfe.
7fd243b5e416e92b80c574c7ce25d79048d82b24,ChimeraTK/DeviceAccess,True,"fixed the bugs introduced with commit 4eedf5b6604a843b15117ee2e515bc546b1bbd3d (""Transforming the Tr"
8993d22dfb1c4d055abf6c49e05731d83f4530f1,tsiika/dib,True,Bugfixing   - Fixed bug that occured on commit 0fcc3e268a861dbad58ff2d80fe0f683ed0fdcaf  - Added Bug
8791594fb23197ee6a9b71c0f03738f4f50f92a4,Dyalog/ride,True,allow empty cwd fix issue introduced in fc2b2c4bf3f6115ac615264de681ca0af0034755
e2abd5045c6da15be55c0e48ec6967e3171ad3d9,MarcoFavorito/flloat,True,"fix bug on optimization introduced in 3dd7058  The problem was due to hash randomization, which turn"
d3401716170f8051a62d08ba7096ba46f212ca80,korhaliv/zap-desktop,True,fix: extract-messages issue introduced by 7b6a796
a8079b47c1242f67c30ce596e2424851eb49af76,gromacs/gromacs,True,Fix seg fault caused by unintended GPU PME coordinate send  Avoids attempted communication when same
dda2b44e83b04fa733462235915f2c27d8d8e60b,ps2dev/ps2sdk,True,(NETMAN) fixed errors introduced in ba30aa1. Re-increased NETMAN ring buffers to 64 and increased EE
fa3c4b8fab2f096ee6ca45070eaf1aeb064fbf19,quinoacomputing/quinoa,True,Move CompFlow/Problem implementations out of headers  Also fix a bug introduced in 58bfe2dd which de
c241355b52e166a7f2ee2ab5f8495c3409522166,Lodifice/mfnf-pdf-export,True,download_articles.py: fixed error introduced in 1144b1788179547e0cb59558caedbb87655465d7
ac176179847055a4141070842f8b89eb890beccd,gdh1995/vimium-c,True,"fix a bug in fafffc4ce4584407f66bdfd3d954aa076c395658  It forgot a line in options_base, and causes "
9c6766ac5adef840c215b936e4db87fb238550d0,gleb812/pch2csd,True,[fix] formatting issues introduced in a368dc8
d71076d41ceacdc349874cc3a12573d3a66830bd,gem5/gem5,True,cpu-o3: Fix corrupted rename map in vector mode switching  This patch fixes the AArch32-AArch64 inte
6ab3aeb97aa550dd37f1aa9744a45b1e0d589f95,modernish/modernish,True,die(): fix DIE traps bug introduced by b9727e25  bin/modernish: - die(): Due to an incompletely appl
0b39a83a929e127f2312c4efb85b005d646de412,GothenburgBitFactory/timewarrior,True,"Filtering with tags should preserve the interval IDs.  This fixes the bug where, when filtering by t"
bf59020bab486603e756319076dce88fe3765d9d,Beluga-lang/Beluga,True,beluga-mode: properly rename beluga--start to beluga-start  This fixes a bug that slipped between th
c77969562a7e9c7439bbef7100c345f82ae2cc13,citizenfx/fivem,True,server: fix accidental error that appeared in 48a195e
8f205ad6e865ed4ecdd14154c20655f78a200b92,Katello/katello,True,Fixes #24709 - Reference kickstart_repository via content_facet  This fixes a bug introduced in d9c0
9b53438bce4b9b758895f68d5b77235a5e6e37d9,gnutls/gnutls,True,Fix issue introduced in 20886264fe  This makes _gnutls_resolve_priorities() return a string that is 
a884953c85f30dedd9aa79360a2226741b903ac3,OpenSC/OpenSC,True,"card-dnie: use size_t-specific format specifier in printf  Instead ogf blindly using ""%lu"", use ""%""S"
dd404c353400efb5080430e068763bf84748f2fd,ilscipio/scipio-erp,True,cms: fix .properties extension bug introduced in 2892ce1c339
b009613b7dc7f99a0fef5a20dcb9f2ec8e99f8f3,lattice/quda,True,"Fix bug in CG solver break-out check, introduced in f7ad7000f796124c1f46f1aa28581a42dcdd9961 (old re"
fd604383e5e5d2243a614fe374eb080c9ae55d5a,UniTime/unitime,True,HQL Reports: Export CSV  - fixed ability to export HQL report as CSV when the query contains a signl
712efaaefb43e4a0390b852b544b80066822355a,UniTime/unitime,True,HQL Reports: Export CSV  - fixed ability to export HQL report as CSV when the query contains a singl
1238cb71f041c611026e1205c8ce4cf467743754,ARM-software/workload-automation,True,"ssh: raise correct error on EOF  Raise DeviceError, rather than TargetError, on EOF inside ssh_get_s"
e75cabfe77e6823b99d9b9df3899307fabc9d462,f-droid/fdroidserver,True,update: write cache file if anything has changed it  This fixes a bug introduced in 04db6870 where c
120c579eb363abcccdd47bb9137df536b49a4e4b,radis/radis,True,fix index error introduced in 5de0c68 (13/08/19) which impacts all spectra calculated without DLM. U
30ae0328ac05c546dde751648f46fcb1e9116f8c,Automattic/wp-calypso,True,Login: Extract error notice logic into its own component  This also fixes two issues introduced in c
0c8256a2dd3cb5c13abfac0e630264960e4684f0,kdkorthauer/dmrseq,True,Fix bug introduced in previous commit  This commit fixes a bug introduced in 52eb831e8f4a3416574676e
e7a19fcc790c8eb8cba14940bab2497348f2ef67,wei/pull,True,:bug: Support non-forked repos with pull.yml  fix issues introduced in #8d4469
05778123f6d41339ca75e7d0c25666ce5ca3a2d8,flatironinstitute/CaImAn,True,fix plotting bug introduced with 5cf722c893ecb7084991605dfc01d648e9434588
8c4b28a18878d72f6fe1f6c109e50d1cf8e55d6b,tarantool/tarantool,True,"vinyl: fix snapshot consistency  Commit dbfd515f62d0 (""vinyl: fix crash if snapshot is called while "
e51fbadfc3be57f5f3249c6c15515936334c6613,simon-knuth/scanner,True,Bug fix  Fixed a bug introduced in a4f26129bf25b863cecbed16a7a06660e97a5057.
4fcb12c27e0aa0c8d80fa7253d85a950bcfb6758,edwardspec/mediawiki-moderation,True,(bug) Command-line scripts issue: fix error in performUpload()  This fixes issue introduced in ee048
2ef689faf861482862a3f95374c6d628126eba30,pimtapath/kernel,True,vxlan: test dev->flags & IFF_UP before calling netif_rx()  [ Upstream commit 4179cb5a4c924cd233eaadd
6e61837391b8cdcef0ada607c9af5bd50a790372,Hurricos/rtl8812au,True,"Actually run `pwd` into a variable, instead of just quoting 'pwd'  This fixes a bug in DKMS compilat"
f7fdd78de87fd4eeb7d01b7362ffa6b2c40cc2c7,EdinburghNLP/nematus,True,Fix bugs with ensemble decoding  This fixes bugs that were introduced by exponential smoothing and b
6b0208ebc436b33bd80ce264299b4b1b8d59b68a,postgres/postgres,True,Fix partition tuple routing with dropped attributes  When trying to insert a tuple into a partitione
419de9a20262b844cc37911ff1b6ea74ff0ba22f,natverse/natverse,True,"Fix fishatlas, insectbrainr DESCRIPTION entries  * need Remotes and Suggests entries * @alexanderbat"
36ea9ec1b9b91b10fe2f24418eee6e912966ffc8,COSIMA/access-om2,True,"Update control dirs from master, hopefully fixing issue https://github.com/COSIMA/access-om2/issues/"
a171453d18b65359c6d35f4d0877145be9e896b7,saschahauer/barebox,True,"usb: host: ehci: distinguish DMA addresses  This patch adds translation from CPU to DMA addresses, w"
42d288331ae98dd7f2b3344732b4a3e26d747c5a,shellphish/driller,True,fixed bug introduced by 01c8425187c9fd30fc3a30e0e6c1ab9ee0b33a3a
314be05281f2f3300d205f19e71beaeea0538705,gpac/gpac,True,fixed sai parsing bug introduced by 2d898eda
e0bbac459ec86bd5cf60bf8cc8d93d0bee836eb1,KDE/kphotoalbum,True,Review and fix logic in NewImageFinder.  This fixes the bug that caused new images to not be tagged 
86a3d44de5326fd4d714e90bf9012360f1d028a2,systemd/systemd,True,network: fix use-of-uninitialized-value or null dereference  This fixes a bug introduced by 6ef5c881
a3070eb8dd973ff6fe0ad2024ff662901f4acdee,pseewald/cp2k,True,fix for bug introduced with 8b02f3eb4251b967a00f90b2eeaf3209ee64fff1
3235df6cc958d6811a8e13efd3268e6f3e1f80ce,stephengold/Maud,True,bugfix: retargeting logic error introduced at e44a62e
a256762ae778708aefa545f845a939c78cfbaf0d,YunoHost/SSOwat,True,"No idea what I'm doing, but this fixes the small blink issue introduced by 95ae060"
3d3c9ae8ad230ec0c66caa5dedeefd812877e215,acmepjz/meandmyshadow,True,fixed a big bad bug of pushable block with moving block introduced in commit 08bd7b7 also sorts push
c3e5f417dc3608b10130dd56f047dd819b62974a,t3kit/theme_t3kit,True,"[BUGFIX] With regards to 8aa1704, reapplied z-index on active, solves both problems."
f9bf86f0a6a32886dce636bf3c757c04520681d2,person142/NekCEM,True,"Add first acoustic solver test  It is adapted from the old `z_flat.usr` file in the SVN repo, and it"
c5bb43188d66c579e337e107f04b7c6e7d57dc41,NixOS/nixpkgs,True,nixos: Fix eval error for documentation.nixos  Introduced by 0f3b89bbedc1a33cc1fc3c142e235da2c64614c
84d09a4a27ab0c4384cb9990e9f1f9221cf60400,OpenModelica/OpenModelica,True,Hotfix for failing libraries from commit 85d9636    - Suppresses error but doesn't solve the underly
1e9dd7fd3f1fed843a61a916d95cc61ace48a2f7,bloomberg/salt,True,transport.zmq: fix bug introduced by b7df7e75cf2  this change was introduced to address evidently an
48dc95d039e94eaf50507662104d44d547cc761f,CESARBR/knot-modbus-source,True,Fix not managing property 'IpAddress' properly  This patch fixes bugs introduced at a68806870da9de51
47be966d3028ca9b5c4d095f266663eb205c0c07,official-stockfish/Stockfish,True,Equations for edges and corners.  This is a functional simplification that removes the large arrays 
14443194d23e3b301c178ca28fd6e7b23de86a38,nirizr/rematch,True,"Fix cancel button GUI bug (#327)  Recently introduced by 46303c42d60c9f7a6a3e769b0c903e270643742a, f"
18cc39bd92ed97a36d96fb505b90b2886387d6c3,CESARBR/knot-modbus-source,True,Fix accessing invalid memory address  This patch fixes a bug introduced by 03ffbdd338937045f8b2edde0
493f9f31cff164b36c4452f669eb330b82ac1908,fritzmg/hugo-theme-learn,True,fix JavaScript error introduced in 3ea5bca
141d59916d55697ae909328a7875c03c08f38ce5,Edirom/WeGA-WebApp,True,fixed a bug introduced in 4d7338400ac08c6c4324389729622fc4f1830640  writings and documents need to b
2b6e53af35915aa5e943e483c9a9a6a7f20cec37,silversolver1/Stockfish,True,"Update to Master (#2)  * Equations for edges and corners.  This is a functional simplification tha"
4498c4e56a82bd811d1cf7cbfcc50d5f2e3f7f10,cdanis/intensify.pictures,True,fix double-resizing bug introduced in 21a4ad3
7a02e4d53c4a44a565cc9228bd1b78e0a2bdd6b5,u-boot/u-boot,True,"stm32mp: update dependency for STM32_ETZPC  Correct the dependency for STM32 ETZPC protection, linke"
99b8f1de497272122394d68e79d17aeac5f2f6ba,ajwerner/cockroach,True,roachprod: distributed authorized keys file for shared ubuntu user on gcloud  This PR removes the aw
478b60c9528ef0f88db5b124d85bc5eedbff7d77,sns-chops/multiphonon,True,fixed a bug introduced in 7b4ddfb. added check in a test
f2f1a93c58b6cb88f3cd0655e95ccd5ad99286d0,qt/qtbase,True,QToolBarLayout: fix position calculation  Fix a bug introduced in d493f676a38f000dd9c22dee6eea2b5ae4
9db7595a83420f029dd52a462d766d4ac585e9c7,Quipyowert2/rocksndiamonds,True,fixed bug when snapping envelope (introduced by commit 931d95b5)
8671ea99241cb421e60f94c70da906b118e5da52,gpac/gpac,True,fixed bugs introduced by 6a089b5
5d558b289ddb83850e08c9759a3b411f2f204d1a,snarfed/bridgy,True,fix interactive publish bug on already published posts  introduced by 358110db
e4879def91a052f7a1e598be5f620fbba2a66ccf,dscho/busybox-w32,True,Fix potential use-after-free  The getenv() function is inherently thread-unsafe: the returned pointe
03547802c93ae54247a1fc3ef548be088d7276eb,jan-sedivy/l10n-switzerland,True,fixing an obvious error from eeb26426f50e007e07ef4e1b423a3abe79da39f1
a2456563da21f01b85da0c0af0476235de1ad9d0,aquariuslt/blog,True,chore(release): 6.25.5 [skip ci]  ## [6.25.5](https://github.com/aquariuslt/blog/compare/v6.25.4...v
2f7ee45fd0d7b7e73603ba2335a410bcd5f73050,D3DEnergetic/FIDASIM,True,fix bug in get_beam_cx_rates introduced in 88ccc72
724b72756941cf2b4989dbaea65b1b7afc24a541,arimah/condict,True,admin-ui: Add missing combineRefs function  This fixes the build problem introduced in 0cdc18e: I fo
94c388d76a8d2701e800675d7a7ba014e41e3461,MUSTE-Project/MULLE,True,Make error reporting more robust  This commit heavily reduces the amount of calls to `error`.  It al
dd6dc2da5d55b928dd41f1c5a8efb7df73e897f3,UniTime/unitime,True,Batch Student Scheduling: Section Names  - fill in the course-dependent section name only when it is
a142a7ebaaa65af121e3cf0a8b175e391f0e4046,wikimedia/pywikibot,True,[bugfix] Fix doc errors introduced in b686ea35fea2 and e6ed12025dc1  + resolve some other older doc 
a5bc81d406abd174e1779253e8dc3c0accf7dd17,simonsj/libssh,True,wrapper: fix gcrypt build error in ssh_cipher_clear  Fix a gcrypt build error introduced with 48e7b0
dbb43f3b2a3595b97b1f672bc5b0f93729b498a0,wikimedia/parsoid,True,Fix onSOL buglet in html2wt introduced by refactor  In 4d6aa724555a148aa382d24209a0412e1de2fa4d the 
fbe16868239038fdeb5c64e35a1ef8ecce2f8486,Enalean/tuleap,True,Set of commit statuses is retrieved with the expected values  This fix an issue introduced by 1a7eb7
69e3e63ed9c31978d0663c87351c1b6918716d28,qt/qtconnectivity,True,Fix qtconnectivity build  This patch fixes the error introduced by 7d7651fb3bd0c2bdeb6159202d30cf475
642581c4cc1ff95795885fe331f1c052d33bdf59,freedesktop/libreoffice-core,True,"Fix other signature of basicide_macro_organizer  ...after 97710225f015c8716c80e55ecdb78832f2edc731 """
34ec1ed294edb2b2245c3baf14a08b818c8194d9,trezor/trezor-firmware,True,core/webauthn: fix bug introduced in bb2556  Fixes #448
03b596001413acfc02db1a128c2a653d21a40a88,BOINC/boinc,True,Web: fixed bugs in delete account feature introduced in bcd853bb4f4  * missing include - required fo
df43ea6c08100487776bb0962c657d214e345ae7,tianocore/edk2,True,BaseTools: fix an incremental build issue.  BZ: https://bugzilla.tianocore.org/show_bug.cgi?id=2137 
9fb627642a90d9fd4175d5e8e002a90ef3a2f8fe,sipwise/ec2-tools,True,"TT#76661 Fix usage of ngcp version detection  The variable ""${vmversion}"" is not available within th"
08222c2e64e0fa4baac2e5892453e6fd9ff2513c,zephyrproject-rtos/zephyr,True,usb: mass_storage: fix API usage by using memmove  Fix API usage error introduced by the commit c881
0aa8f96519e1c61913ba45b05e2188c036ac1f01,pdg137/bigdecimal,True,"when parsing strings, allow a trailing decimal point (fixes a problem introduced in 3081a627cebdc1fc"
676c1f8878300ce341da8b7bdc46ce2350f8aa22,mikaell/chromograph,True,Bugfix: Could Not Run as Script  Bugfix an error introduced in 16f3bdc8. Could not run as      $./ch
055bb17c6cf35258f06460d546468c114c591587,cryptofuture/lua-nginx-module,True,bugfix: fixed a segfault introduced in 7c2b58e when testing an nginx configuration containing 'lua_s
a2535dcbcc949c88feb785fc1a738580dc2bdfe3,Kattis/problemtools,True,fix two small template-related bugs introduced in bdd588e5
78b40b8e4ec0a6bb4bc63fc3164ca0ee6810f8bb,code-saturne/code_saturne,True,GUI : fix bug in writers activation by formula introduced in commit b756face
b1ea543f9af5b11f601dcc4a08ff2b0cdfb78cc5,nvs/gem,True,[Src/Run] Fix bug added shifting to ticks  This fixes an issue added in: 57c366efa7ed76795544e3e2e73
be0a4b692bfdea083f7ae38cb31ff5410759bf83,projectacrn/acrn-hypervisor,True,DM USB: fix enumeration related issues  The patch fixes enumeration related issues introduced by com
79e56aeb5062b556be5ab169d0c97b6eee7f586d,MitjaNemec/Kicad_action_plugins,True,"Bugfix: pad2pad, copy/paste bug introduced in bac1ba0fc9092aa6687c81e767cc5032c6f5a158"
b31030210c16fdd08fe24e74f4b9f4c23dd2e1ac,emiflake/thruster,True,fix: add OIDN dep to travis  This patch aims to fix the travis build error introduced in 13862a70b1e
26e1f9bdbd9c6e1eb91451fa5db6fb28d505f966,OSGeo/gdal,True,"XYZ: fix regression regarding header lines that are not X,Y,Z (fixes #1472)  Fix issue introduced by"
cdc3e1b7ce2e39468a459cdb1853eda37cc1cb1d,adrienverge/localstripe,True,fix(invoices): Distinguish between upcoming and draft  This fixes a bug introduced by commit 6fc05fd
5ec398183ee58ddbdcdda454b30ac9247b491783,OpenSIPS/opensips,True,dialog: do not update topo hiding advertised contact  This commit fixes a bug introduced by commit 7
a62b7bb79e9a2aa683624c32cde1c756d8466fb4,yuwata/systemd,True,network: fix ListenPort= in [WireGuard] section  This fixes a bug introduced by f1368a333e5e08575f0b
5813164d159c12c920b969b58ef6318e211758a3,KiCad/kicad-source-mirror,True,SHAPE_ARC: fixed polyline conversion bug introduced in e312e2b286  Fixes: lp:1826278 * https://bugs.
2f7f8769dc07f639017787b4f3be82721f608d51,greenplum-db/GreenplumR,True,fix db.data.frame (#8)  Fix a bug introduced in commit e0660bb519e4914654c9ebedb38fc6ec950a2480
8843f16640ea6dd88d9a9eecd250b05b14aa15ea,quietly-turning/Simply-Love-SM5,True,fix SongTextBanner x offset in ScreenEditMenu  This fixes a bug introduced in 974609ff821b3de7f2ce54
3c44fe3d53d3f45be1a74febc9b49f11a51db220,MCZbase/MCZbase,True,"ISSUE: Redmine 600 PURPOSE: Work in progress, temporary addresses, bugfix to bb971682. DESCRIPTION: "
5f90c45fc527f71e499c8bd176c101ceaa55415e,Spine-project/Spine-Database-API,True,"issue #9 added replaced add_all with bulk_insert_mappings for commit_session, fixed bug introduced i"
18106a5465bdce5e54afec1166cffdd1cce800a6,jzacsh/jzacsh-www,True,"fix bug introduced by 61aa8c51926f; no ""+"" on masatadon (not Gplus)"
6c6817563e7c09f9bc3682732074a7f0c6f01b03,ankitects/anki,True,fix sync error introduced by 69d8cdd9ed1e32683aabe1714ed6402a59fab4cd
da4b8755f4e9543b039c36bbd1824b44d38f8495,Ensembl/public-plugins,True,fix account bug introduced by 8433fee
b7180ba6af14df21b289cb656c01468999b7ab6c,ropensci/plotly,True,fix test scoping errors introduced in f788ddd591de0a676f51231b9afdaf35fefe7a95
87ea5ee3a3d4c04503159b0f864de94be03d4751,gem5/gem5,True,sim-se: bugfix for 54c77aa055e  54c77aa055e introduced a bug which manifests as cyclical dependency 
c9fd0ee7023f37a6648ce75b3413339b8b68ecbd,pyrocko/pyrocko,True,gf: fix low-level errors in time handling  Fixes an error introduced in ff78d61d9bea8d70389d64507f7f
7eefeb3bf7d38ff04c780cdbc12f3574db0feb61,danalexandru/Raspbery-Pi-Robotic-Arm-Server,True,"- fixed errors introduced in the ""a332eb30"" commit - added the directories ""images"" and ""camera"""
df51286f72493e736c2561f60422edb62e08c75d,wilson0x4d/X4DESO,True,[async] fix bug introduced with f3ca492 where timers would not restart
42b0eac7a0524c15d8a9670c52aae554d376f50d,axelspringer/graphql-google-pubsub,True,fixup typing issue  Does fix an typing issue introduced with e3c763680bdd4800e3767d52df0e7e3114b5d39
ffd7b6adf7b7ac3996c66fe7498fa98aa14721f3,BrainsOnBoard/bob_robotics,True,ImageDatabase: fix constructors This fixes a bug introduced with 92c1c091416eb3c7ac8183e1914d9e4ca0d
0fa3fce65af30d0578b935e6d4940d31b0c6027e,bgermann/graphite,True,Correct relative library path  This fixes the issue introduced in d9be1d805.
eeed7a62ee7dea0fa0f1ccabc5e58b380d1adcb7,Williangalvani/qgroundcontrol,True,Add timeout field  to motorTest() call in APMSubMotorComponent.qml  This is a bugfix due to changed 
9f611c49889958743204c62a3f81b1429067161a,gpac/gpac,True,fixed bug in http push introduced by 14dda31 and fixed too many connection detection
fcbb4aa5671f892ccaa049447f6b523d99c0581b,dtzWill/nixpkgs,True,wasilibc: fix evaluation error introduced in 9abff4af4f07c16aecd89bf82051afbc3228d6fd
b8c16dddad125aab63e91ff858ebd8626dbf0206,UiL-OTS-labs/iSpector,True,configfile fix bug  fix bug introduced in b9d1fd375c1f32e540f6ee0e363e12425cfb65a8  program variable
0dee1d1358c95e07637876af1f508f0fd694a809,tianocore/edk2,True,BaseTools:fix issue for decode the stdout/stderr byte arrays  BZ:https://bugzilla.tianocore.org/show
4c84e307fb4a5f30f0313295f6214821a7820341,gpac/gpac,True,fixed bug introduced by 41c6e976 and added missing request log
bf0bc1617d56e657bd425313f9af100327d45466,CTSRD-CHERI/llvm-project,True,Fix another crash with __uintcap_t template parameters  We need to use getIntRange() and not getIntW
c4bc23453133751a1a5858743e6b1266f735d3dc,gem5/gem5,True,"config, sim-se: bugfix for 54c77aa0  The NULL ISA does not have some members for the options class w"
6ce3c35f3c4aac318b2185dbd2f7d2114b2afdaa,stellar/stellar-core,True,display known keys when displaying short keys  fixes a problem introduced by 9356a10fe7a535156323f51
ed855fb403abc0031bf3a005bfc2462db8be8cf9,Wen-Han/pyVisOS,True,fix a bug introduced by 679a11a in write_h5/read_h5
fd12032913a0d056ecb94442db21655f04eb380f,m-x-d/KMQuake2,True,FS_ListFiles(): fixed incorrect list initialization introduced in 7cfca78. Fixed some bugs related t
85d75ac10003bfce01cd139dad19e1f966c29f07,code-saturne/code_saturne,True,"GUI : fix bug introduced in commit 6f60bba6 (07-08-2017)  ""rij"" field must return a NULL pointer whe"
35908016889e9eb622abeb4e24c98e252e48861a,mozilla/fxa-customs-server,True,fix(tests): fix test-local.sh bug introduced in d177360
9260ae5b4f0f6c2be7bfd5f91a91144531e86843,Ownasaurus/TAStm32,True,"fixed CRITICAL logic error introduced in 6bb8996, breaking p2"
40e747e89d247b3a12e6cddf848d145bf403a72c,git/git,True,git-submodule.txt: fix AsciiDoc formatting error  In b57e8119e6 (submodule: teach set-branch subcomm
5191fe2a29985f0689acce2f76fe5de32eecb610,SupunArunoda/CPACEP,True,Keep relative paths in spec and config dropdown  Fixes a bug introduced in 888867c that only showed 
89904468b317c3198af376de3048abbe4b3526e2,Ardour/ardour,True,Fix generic UI crash when plugin has ctrl outputs -- #7937  build_control_ui() special cases `Automa
90a10aeb65d115c268ff9aa0f5ad39a29a1a35b3,haproxy/haproxy,True,BUG/MINOR: log: Wrong log format initialization.  This patch fixes an issue introduced by 0bad840b c
948feb470010a48ac38a4a2187ea2226a7082bea,MCZbase/MCZbase,True,"ISSUE: Redmine 662 PURPOSE: Loan search, reset and clear, bugfix to 9214d42. DESCRIPTION: fixing jav"
3c059ea85ad2ce78f8534290a4005850bff9e700,warewulf/warewulf3,True,provision: Check for presence of @busybox_links_path@ replacement  This fixes an issue introduced wi
58e8054874e83cdd96e2a244e87983ffafd7e75f,papandreou/impro,True,Exercise the resize/crop combining code for the sharp engine.  Add a test that thoroughly checks thi
d115946c56188d72faa4f35cc4e084439bd7d495,IntelliTect/Coalesce,True,Fix security behavior issues introduced by aa2bfa5. Also fixes #119.
0ef00bf5e36f0ea938ee95f88ecc32dffe7aaa68,dhall-lang/dhall-haskell,True,Fix running the type-inference failure tests (#1326)  This fixes several bugs introduced in fddce0b8
b7cd592e0f76da830ce982d3a5e88ad5a7b8ebc4,brummer10/guitarix,True,Bugfix: waveview display  fix a (new) bug added in b788eaab9
aeab55a4139e5bd9702b8f8f36e168ab4c0adc0f,mcol/rstanarm,True,"Fix bug in bayes_R2() for binomial family with bernoulli trials  This closes #376, fixing a bug intr"
4780fa5a580806e8bccb999b2c831e10d8c34369,minio/minio,True,Remove setting net.Conn Deadlines as its not needed anymore (#8269)  This commit fixes a bug introdu
6e2378b3439f58a2e1ddb7b33e45b458415562e1,jiangxincode/Emma,True,fix the bug introduced by matianyi in 42400ef32d3644fe1632f4c0f3f9d299c49c6bc6
1ceb96f9f2644a1ad4ef0920ef3b6affcd73d3ed,spring-projects/spring-boot,True,Ensure matches is not called before initialization  Update `ApplicationContextRequestMatcher` to ens
b7487178cb629048fcef8dbbede24e8f9453195c,m-x-d/KMQuake2,True,FS_NextPath(): changed logic to prevent returning gamedir twice because of search order changes in 7
bab0d3c6390f0840db9050cdb6bbdb6797640168,pgjones/hypercorn,True,Bugfix remove run_forever usage in worker_serve  This fixes an error introduced in 836540ac4ce099ece
1dfcf57bd10cf2c6bb35c21bfc0f2a77f9bf1e79,OSGeo/gdal,True,"GTiff: fix multi-threaded compression bug introduced in 2a4297e669166 (fixes #1535, master only)"
0969ec5bfeff21973180d8a43526c1becbddfc54,AndydeCleyre/zpy,True,fix naming of newly created sublime project file (bug introduced by b7de29162d41b6c95b533cf219f84c15
0932a62986ddb6d64445e0d717e1c0fd42a690a2,blinken/paradar,True,"paradar compass, fix moving average at 0/360 boundary  Fix a dumb bug I introduced in 5781e1 - as th"
92706a41fadbccf0a39af08ea2a52a2696c68603,gentoo/catalyst,True,"targets: Fix setting FEATURES=""clean-logs""  This likely fixes a bug in 8ca52570aa2d (""keep logs outs"
d6358ef302b68b0d2c6304c470f615d5e67493eb,bitmax-exchange/bitmax-pro-api,True,publish: fix a few issue  generated from commit 6834082d93352b345eaa682545baa25f52d1d160
6787d068052ed8e7952f386adca0352a08486797,chromium/chromium,True,Properly distinguish between regular and priority preferences in sync.  This fixes a bug that was in
3af261d6033ec800bbe252c4118009bd92f56f17,tijoalca/pigeonscrapper,True,fixed bug introduced by 5bc1ff88 on start_chrome_remDr
8b40a81bd2f3d8834050828a2370a87b1f103598,Edenhofer/abs,True,upgpkg: minecraft-server 1.14.4-2  Fix a bug which was most likely introduced in ada9f5931d preventi
49f3e1e520e7efe9241e3250df97072902e48bac,vanishedvan/lumberjack,True,"Removed Singleton restriction of UserResolver  - Made UserResolver design no longer Singleton, inste"
3fd3e097ac8e4211181e94beaf7882c430e18b0a,flyinghead/flycast,True,gl: fix modvol issue introduced by 8792c06
47b2a264919cf7a713a769f01683572efbcf69c8,FluidSynth/fluidsynth,True,fix bug introduced by 8d34e2547
2e0c29a4bbe2b3ae427137e65f179b0550dcf169,qt/qtbase,True,itemviews: Use the start of the current selection when getting the range  When doing a shift-select 
40e3364c663fca2542c6d54e3e20f27d83103a6b,Ardour/ardour,True,Always delegate meter-point positioning to rt-thread  Previously set_state() -> set_meter_point() ac
3694d3ccd77f384793b9b939e6d8bb69d2865493,ebi-ait/hca-util,True,Fix bug where I didn't fix fetching NAME instead of name  In a235bb26
20dc88c052cc0369e663e771b8ee0c77b3ea6645,coschain/contentos-go,True,fix ApplyContext creation bug introduced by commit 04c27811
ab2ae23c7c4fc4dfde661f45a82545d5cc2165db,Opetushallitus/java-utils,True,OK-233 : Restore old version of dependency  spring-aware-health-check-servlet version needs to be in
8c3ba6a5f73ae64aa5171252f54c15d65c9930db,libreswan/libreswan,True,barf: fix syntax error caused by removing pfkey checks  Fixes problem introduced in beccfe9f7a40816a
fd1bb3ae54a9a2e0c42709de861c69aa146b8955,ming1/linux,True,"block, bfq: move forward the getting of an extra ref in bfq_bfqq_move  Commit ecedd3d7e199 (""block, "
6a36d621c1920b22d5f3bf02abe1145afd6859ac,hansec/fortran-language-server,True,"Fix bug with hover requests introduced in 5d759bb, fixes #159"
6370251bf005e6f0e97a71b8e2985b9df00e68f7,linkedin/datahub,True,fix(gms): unable to find registered resources (#1625)  Fix the unable to find registered resource er
53606e4354a5d6d00dbabc41b641a43e482a1a17,gawrysz/piernik,True,[EGLM] fixing a bug introduced in a94929da1fc94d21ed0fc99dd7b17783b060c69c - eglm now works but it s
8320ad3341b9242eaf82df7a4d4c1a367991ec3d,buildroot/buildroot,True,utils/get-developers: fix python 3.x compatibility  This fixes a syntax error introduced in bcf2ed5c
183a8ef402516e140aacdb2f8b7522a4d9813ea4,mtola/OpenSceneGraph,True,fix the bug introduced in SHA-1: 94891778c40ff08fcc626f91ded73cda67713b36 (12/08/2016 - 19:44:38)
28cfeed4c1a07262ac9d0abc4e9263f10971633a,Rockbox/rockbox,True,Agptek Rocker: Add missing lcd_set_active(true) in lcd_init_device()  This should fix problem introd
7825dda558810a8a18ad7daf612100f9d5ee7b96,zstackio/zstack-utility,True,fix a bug introduced in 0171a4690  Signed-off-by: Qun Li <qun.li@zstack.io>
a13d99eaf4bac851d62c95a3a56b821dbb0b2f87,Dj1b/CaMykS,True,Continues fixing a bug introduced with ca71e6450482acefdf9395d5d00e75698af31c45.
6ed2ebb3ba97b84b7d39fa3ebd3e6c545fff18cc,woocommerce/woocommerce,True,Fix: WC_Product::get_image() should use $attr parameter  This commit fixes a issue that was introduc
2a0f96e8108566e8ee3b6f7155da6a5d9b5d5a59,chris2511/xca,True,Close #39: Subject entries shuffled  Strictly keep order of DistinguishedName entires.  This fixes a
3ff7db7fc4725d0503c087121e1f7b34f2386a18,missirol/cmstkmodlab,True,[assembly] bugfix in LStepExpressWidget (introd in 58eeb09)
29f16632f6bedd85e849034b01c3a8e8d4b7d83d,thpatch/thcrap,True,patch: fix the json_pack format specifier in patch_build  Fixes a bug introduced in b67116db44f006ae
1280ba1fd2173bf8b80cfa63735ec20c08f46f65,sosy-lab/sv-benchmarks,True,"Add memmove prototypes to LDV benchmarks  This fixes a problem introduced in 55d4083, where some cal"
1f350f4bf88d1fbb67bf30d17fd74231417a5fa2,fgast/opensips,True,dialog: fix unset_dlg_profile() linkers deletion  This commit fixes the following bugs introduced in
568a486827431ac72225e2323aac83e71162d4d0,tobim/actor-framework,True,Fix verbosity config option default  This fixes a bug introduced with a3dfd72f3e398d4ee744ac78fc4bd6
28b95303ec9ba6e4942f0e0e6a92baf455a207e5,georchestra/georchestra,True,"console: fix build error introduced at 11b15cf907e  Fixes NewAccountFormControllerTest, the call to "
8e6e0e9ad2fe535b28ab5ed0f8e5b9e127cde092,AntiTcb/Discord.Net,True,"lint: Remove public setters for MessageApplication, MessageActivity properties (#1182)  This fixes a"
a3fcfab65854558eec67aefb4f07c0d122faac59,oscarlab/graphene,True,Fix a bug introduced by commit 3a40af399d1d85 (#94)  * Fix a PAL unit test  * Make the PAL unit test
6a3a31b92e6b79dc8abd8b1b6c1581061a11143b,greenplum-db/gpdb,True,Fix the errors when reshuffle replicated table   This commit is used to solve some errors which are 
d28c9a3ac821bcfec3803b1547de94f67f3b7463,oddstr13/jellyfin-kodi,True,"Correct logic errors introduced in 00765c0a, fix flake8 except F841"
749517186586079a39b1b58d4d8db97452bcd453,wking/openshift-release,True,cluster-launch-installer-e2e: Make /tmp/artifacts/installer  Avoid:    /bin/sh: line 5: /tmp/artifac
18997c5c7b4e2916179e9306975abfcf62769ffe,cozy/cozy-settings,True,publish: fix: Handle new invalid password error  generated from commit c31b66d54a13f338742bb61634756
a567b467dc1bc7cc5de233c9fbff0e8d75b0c8b2,duplicati/duplicati,True,"Fix slashes in Microsoft Graph URLs.  This fixes an issue introduced in revision f9022fec (""Avoid re"
7e174d456a3eb08192534df23f9c8ec73685d96f,FriendsFingers/app.friendsfingers.com,True,publish: updated dependencies and fix an error with locked metamask eth provider  generated from com
fb46a4bd14a4d3fac7238389bed6ecebe9c87730,INN/super-cool-ad-inserter-plugin,True,"printf instead of sprintf so that the HTML balances, fixing bug introduced in 5d85fa5f814602a23f67d7"
ca733eb1ed24a893ef58b8fa3922f5b6cb1fced7,atdotde/subsurface,True,Fixed get_gas_at_time for equal times  This fixes a subtle bug introduced in 5c4569247a31c which uni
69b34bbdf2ae762fe9e5574552887da3fe315840,4awpawz/trio,True,"changed ""html > "".html"" fixes error introduced in 74f64aed"
9ad950b0b63f9936a54927b6cd0099f5c1017c3b,Frosticles/embann,True,"Fix bug introduced in b866ad85ce3b848a84c1912b7261ed4bd3f10eeb, Resolve MISRA 10.4 non-compliance"
d3340760f150200b21faa6404115f85e962955ae,LineageOS/android_kernel_samsung_apq8084,True,"apq8084: qcacld-2.0: Fix ""Fix potential OOB read in dot11f.c""  This patch fixes a connection problem"
214fff293d013ff0b9473eca6af6681c463afb46,fabric8-launcher/launcher-creator-welcome-app,True,chore: fixed compilation error introduced by 35e31352a0a000e005fdb4eee522b78d1b6c1837
74bf067367104a4de333f8039e8df0b57efe60de,gromacs/gromacs,True,Fix for the recent nightly failure  The cont qualifier in the function declaration produced a warnin
b031340483bf21f4bf7cbba0c3b1b68fe92c7c7a,timokau/cs-ranking,True,Fix undefined hypervolume references  This fixes an error I introduced in 1ec2ff7bcb0772d112e668b2a6
7d040f6e2f4a7808813ac33419c9bf4be3f3cce9,poire-z/crengine,True,Fix rendering issue when line ends with an image (#245)  Fix rendering degradation introduced by 6eb
117dd29d8808aacff6f1255bcfe8ca0b18448edd,coin-or-tools/BuildTools,True,only pipe through dos2unix if it exists  - should fix issue introduced on msys with f1c2a649
122f0e8114c21c5d09709bd625c0f28f35e61b32,bluecloudInv/foohome,True,bug fix: introduced by previous commit 3e1550be02eee2f72f453f9e79161ad39438d3c1
dec9b2376bc6d09656da827ea5566df6e333c042,tdp2110/HaskellTiger,True,fix bug introduced by 53c48ef
58524d549227174767884a568cb4e5d31c73bee7,wking/openshift-installer,True,pkg/destroy/aws: Fix fail-slow error handling in deleteEC2SubnetByVPC  Fix a bug from 37a7f49c77 (pk
c679c5c7f0325157573e2a92b3fa0d8ae84820ab,Opentrons/opentrons,True,fix(api): Do not overwrite settings every time we get config files (#2802)  * fix(api): Do not overw
24a7467713438ab6710206573cbabe589689ef98,dials/dials,True,fix bug introduced by 693dba297ea2fb9c7eead6c56de70221e06c7184
3181073b21070add3fe52e3a57a8c85a6f2b1923,Agbar/enigma-optima,True,Return `int` from icscore implementations  Casting between binary incompatible types is UB obviously
09d89113c423c010871513751044332e0cdb96c0,SmartApplicationUnipi/Smart_ELF,True,fixed one more bug introduced in 7c6eaf964d7e9ab3c3245ab7d24a52f037b5f44f
5f0f384c33dcd6df225c30ea2b4f2f60967c99c6,RhenaudTheLukark/CreateYourFrisk,True,continue 6c53959  fixed bug introduced by 6c53959 making \t work in battles but not in the overworld
82b642ba7e1925f03821ca4efc2593129f53f3e0,cheminfo-js/molecular-formula,True,fix: bug introduced in f6f4e7640bf154245053c095e3f3946249ad07c5 for peak intensity
b6da50cd026587ca5c3ed9d2b714c6ace71aeeab,scymtym/McCLIM,True,fixes for the TEXT-STYLE-TO-FONT removal  This fixes minor problems introduced in b2e1930b.  * The T
26319d001b994a208af4b754179ec47b4652a83a,gasp/revue-pa,True,head: fix bug introduced in dd6ec67
b845cd66da3eb1fcece50efba83ea12bc40afbaa,prestodb/presto,True,Add block/position convention to all distinct from operators  This commit adds a second implementati
b29b5a7e1b2f5fddd6418da8e208d8589cc7c840,NickleDave/vak,True,fix bug introduced by 6f82713  accidentally took out the line that creates 'durs' variable
21d5fc122b0d8e5755f6311694a00d3936e61fe0,herbstluftwm/herbstluftwm,True,"Do not ignore transient-for-windows on startup (#707)  This fixes a bug that exists since df7d2717, "
fa8a5dc9e83be4996b5f914900f46333ed485be4,mshinwell/ocaml,True,Bugfixes + improvements  Fix a bug introduced in 12273f27ce820c814a18b2c26f6325f443c37935 When Discr
74e104b06a5cf8584829631c3b97304e0eaff071,starlightknight/jpcsp,True,sceAtracGetStreamDataInfo: fixed issue introduced in 84e97c4
2e49df7ed6fd2e2a1ec9c31dc7fda7eed94f3e3f,devture/matrix-corporal,True,"Fix reverse-proxy response header when errors occur  Just like `httputil.defaultErrorHandler`, our e"
13d3fe1f4873b923c78b11db968bbfde10a9c9a4,pmgbergen/porepy,True,fix: Amend PYTHONPATH in travis config.  This is a fix of an error introduced in 00c439d.
e7a0db969a04f099e81ff4132562bccac7c236f3,mvisonneau/tfcw,True,fixed a bug on run creation introduced in cbbad79
123f0dc63bae6a491ccd3a3552db856e0eddd276,brianchandotcom/liferay-portal,True,LPS-103419 fix compile error that is introduced from 73f4a263a488751e91a165c7ad3039168a509f8c. Shuya
ab6a540fc43f0093d36d7d98c978563485e6409e,NeatNerdPrime/discourse,True,UX: fixes regression with iOS composer  Fixes a bug introduced in e83c2488a2d9c686fde83cef93878ee4a9
544d9c2016b63ccf003912e3bcd2b222b51fbbf4,OHBA-analysis/osl-core,True,Restore files to their previous state to fix issue introduced by #b0fa194
541a534c9f64c505380b936ff15ce91a8179dfa0,haproxy/haproxy,True,BUG/MINOR: ssl/cli: fix build of SCTL and OCSP  Fix the build issue of SCTL and OCSP for boring/libr
c776c74b1d62eace1d6e106361ae2ed38985e60d,zgracem/dotconfig,True,fix for bug introduced in 9fb231f
7337ce69e44c7f71fb76f74ec6df1654016e250c,chrismaltby/gb-studio,True,Bug fix for issue introduced in ab55a3ace7297ecf4bb92d332b00f728e28593db preventing dragging of scen
01133c2a5792d25a7084186c276cd339f2fe74b8,ManifoldScholar/manifold,True,[B] Fix regression in Form.Switch layout  This fixes an issue introduced in ab61beb that caused the 
798ef3a9bbd894476a21a1af3d944b6cc929a1e9,FreeRADIUS/freeradius-server,True,fix problems introduced in commit 3e7e6970  u->code != code.  They are different variables with diff
f14d24542c3ceda3b508c707eb79cf2fe2a04bd1,alacritty/alacritty,True,"Fix various mouse mode + vi mode interactions  This commit fixes some issues introduced by 1a8cd172"
8305ecbbd19dc606ec75fcf8c2f9da9fca3c81d9,kelvindules/kelvindules.github.io,True,overrides missing theme elements  fixes color problem introduced in #e52055a
f1894c206eec463832eef851a5388949a68a050f,FFmpeg/FFmpeg,True,configure: add mv30 blockdsp dependency  fix link error introduced in 481ebb1c8b3368e2a1bb9e33bd10b5
408f169f7944f81224ef96052cb43b883e756987,baob/submit-this,True,fix bug with message with no link introduced at 9d38cf839
b743607040536cea6e90a9038f57df91e343af8c,MCZbase/MCZbase,True,"ISSUE: Redmine 670 PURPOSE: Fix loan agent autocompletes, bugfix to 2dabb8b. DESCRIPTION: fixing typ"
a9ade27a5721bf376fea1ed3bb2076cd5fa06ba3,llvm/llvm-project,True,[docs] Fix an RST error introduced in e823068306e.  This should fix the 'Explicit markup ends withou
f9be9992984d3fbe94a0fb4a3ccbd562bf94d204,BRAINSia/BRAINSTools,True,COMP: Fix windows compilation adding missing check_avx_flags function  This commit fixes the followi
58f9f135630fb4f5557f36c0b2d87e50f3afcf08,gpac/gpac,True,fixed bug introduced by cdc5d3a3
9d0b9c7c6c0b0d45653dea80b499314ea415d3c7,guix-mirror/guix,True,maint: Provide the configuration file in the VM image.  This fixes a bug introduced in 362bcdb1b076c
f8fe8f2e03511acb89e72bfcdf1522372801cc14,BrianJairam/Stonks,True,More fixes to bugs introduced in 3307e2b  Strings were not formatted correctly
05c29d2b3343dbb6ae8c652ef20a73af1c71da85,wrye-bash/wrye-bash,True,Drop Redate command from Installers tab  Introduced in 92691409567ce020c6958325ee8c4bd8c9e820cc.  Fo
adb8061fe951f46477078d828959ca6533392d79,arobert01/RTK,True,BUG: Change member type from float to double in Zeng projectors  This should fix the bug introduced 
8bb059ab6379a7830620b9e240b817c070b35034,llvm/llvm-project,True,"[MC][Bugfix] Remove redundant parameter for relaxInstruction  Summary: Before this patch, `relaxInst"
52fcf7a30122180b8d76ce691a3e20a28ae99abf,KDE/kphotoalbum,True,Changelog  Bugfix for refresh issue introduced by ce82aeb71a8376361f0facfc46058def41a21f43
7aeced6b4f84ec0f6e4b16621e4bc59feff9194c,bluebanquise/bluebanquise,True,"fix: correct loop in dns_server handlers (#196)  Fix a bug introduced in ea0f6b7f, I forgot the file"
a33d542fbd819ca42e4e8d49ed108b179e238276,awslabs/amazon-kinesis-video-streams-webrtc-sdk-c,True,fix bug introduced by 0099c46 that cause master to ignore incoming offer in trickle ice mode. In vie
bd2ba4faa8cc1d8662d78d6074bf640533686d85,debops/debops,True,[gunicorn] Fix issue with backported patch  This patch fixes the issue introduced in fec52d607d87430
974887eae34375ec75f54c6021634b16c0b1da03,FlyingSixtySix/Pxls,True,Fix palette case issues  This fixes a bug introduced by 09ef2c2 which accidentally replaced all inst
01d6f572a0eb0a7a1896d78791e13fa8c1cb868b,atais/logosart,True,publish: update dependencies & fix minor issues  generated from commit adc25e876af789bb939610c16f6b2
